<?xml version="1.0" encoding="utf-8"?>
<Signature>
  <Version>1.0</Version>
  <RelatedEBD>
    <EBDID>010103331124000000010000000000000000</EBDID>
  </RelatedEBD>
  <SignatureCert>
    <CertType>1</CertType>
    <IssuerID>000000000075</IssuerID>
    <CertSN>000000003363</CertSN>
  </SignatureCert>
  <SignatureTime>5b31e0af</SignatureTime>
  <DigestAlgorithm>SM3</DigestAlgorithm>
  <SignatureAlgorithm>SM2</SignatureAlgorithm>
  <SignatureValue>WzHgrwAAAAAzY4LYq4/2Iq9L9o4rj93/ueqjuln5M96wFHIqFQG52bKaW50WlCZz2VFru4OhyX5SwcD3YLxFD9ASacYb18B5jLA=</SignatureValue>
</Signature>
