<?xml version="1.0" encoding="utf-8"?>
<Signature>
  <Version>1.0</Version>
  <RelatedEBD>
    <EBDID>010103331124000000010000000000000000</EBDID>
  </RelatedEBD>
  <SignatureCert>
    <CertType>1</CertType>
    <IssuerID>000000000075</IssuerID>
    <CertSN>000000003363</CertSN>
  </SignatureCert>
  <SignatureTime>5ab216dd</SignatureTime>
  <DigestAlgorithm>SM3</DigestAlgorithm>
  <SignatureAlgorithm>SM2</SignatureAlgorithm>
  <SignatureValue>WrIW3QAAAAAzY7AkJlgqCXwEOmplcb5ZFTFi5/kiFd2z05mUtDKcCOob3FZe9hvLgtkwUtXagjdFsr9kXwVAjcEMdN9+Bn6eg2s=</SignatureValue>
</Signature>
