<?xml version="1.0" encoding="utf-8"?>
<EBD xmlns:xs="http://www.w3.org/2001/XMLSchema">
  <EBDVersion>1.0</EBDVersion>
  <EBDID>100103331124000000010000000000000989</EBDID>
  <EBDType>EBRDTState</EBDType>
  <SRC>
    <EBRID>010333112400000001</EBRID>
  </SRC>
  <EBDTime>2018-03-21 15:14:14</EBDTime>
  <EBRDTState>
    <EBRDT>
      <RptTime>2018-03-21 15:14:14</RptTime>
      <EBRID>060133112421420309</EBRID>
      <StateCode>1</StateCode>
      <StateDesc>正常</StateDesc>
    </EBRDT>
    <EBRDT>
      <RptTime>2018-03-21 15:14:14</RptTime>
      <EBRID>060133112410220806</EBRID>
      <StateCode>1</StateCode>
      <StateDesc>正常</StateDesc>
    </EBRDT>
    <EBRDT>
      <RptTime>2018-03-21 15:14:14</RptTime>
      <EBRID>060133112410220302</EBRID>
      <StateCode>1</StateCode>
      <StateDesc>正常</StateDesc>
    </EBRDT>
    <EBRDT>
      <RptTime>2018-03-21 15:14:14</RptTime>
      <EBRID>060133112410321201</EBRID>
      <StateCode>1</StateCode>
      <StateDesc>正常</StateDesc>
    </EBRDT>
    <EBRDT>
      <RptTime>2018-03-21 15:14:14</RptTime>
      <EBRID>060133112410220803</EBRID>
      <StateCode>1</StateCode>
      <StateDesc>正常</StateDesc>
    </EBRDT>
    <EBRDT>
      <RptTime>2018-03-21 15:14:14</RptTime>
      <EBRID>060133112410220503</EBRID>
      <StateCode>1</StateCode>
      <StateDesc>正常</StateDesc>
    </EBRDT>
    <EBRDT>
      <RptTime>2018-03-21 15:14:14</RptTime>
      <EBRID>060133112410320201</EBRID>
      <StateCode>1</StateCode>
      <StateDesc>正常</StateDesc>
    </EBRDT>
    <EBRDT>
      <RptTime>2018-03-21 15:14:14</RptTime>
      <EBRID>060133112410421001</EBRID>
      <StateCode>1</StateCode>
      <StateDesc>正常</StateDesc>
    </EBRDT>
    <EBRDT>
      <RptTime>2018-03-21 15:14:14</RptTime>
      <EBRID>060133112410421101</EBRID>
      <StateCode>1</StateCode>
      <StateDesc>正常</StateDesc>
    </EBRDT>
    <EBRDT>
      <RptTime>2018-03-21 15:14:14</RptTime>
      <EBRID>060133112410421107</EBRID>
      <StateCode>1</StateCode>
      <StateDesc>正常</StateDesc>
    </EBRDT>
    <EBRDT>
      <RptTime>2018-03-21 15:14:14</RptTime>
      <EBRID>060133112421420203</EBRID>
      <StateCode>1</StateCode>
      <StateDesc>正常</StateDesc>
    </EBRDT>
    <EBRDT>
      <RptTime>2018-03-21 15:14:14</RptTime>
      <EBRID>060133112410122601</EBRID>
      <StateCode>1</StateCode>
      <StateDesc>正常</StateDesc>
    </EBRDT>
    <EBRDT>
      <RptTime>2018-03-21 15:14:14</RptTime>
      <EBRID>060133112421320901</EBRID>
      <StateCode>1</StateCode>
      <StateDesc>正常</StateDesc>
    </EBRDT>
    <EBRDT>
      <RptTime>2018-03-21 15:14:14</RptTime>
      <EBRID>060133112420220301</EBRID>
      <StateCode>1</StateCode>
      <StateDesc>正常</StateDesc>
    </EBRDT>
    <EBRDT>
      <RptTime>2018-03-21 15:14:14</RptTime>
      <EBRID>060133112410421301</EBRID>
      <StateCode>1</StateCode>
      <StateDesc>正常</StateDesc>
    </EBRDT>
    <EBRDT>
      <RptTime>2018-03-21 15:14:14</RptTime>
      <EBRID>060133112420220302</EBRID>
      <StateCode>1</StateCode>
      <StateDesc>正常</StateDesc>
    </EBRDT>
    <EBRDT>
      <RptTime>2018-03-21 15:14:14</RptTime>
      <EBRID>060133112420820201</EBRID>
      <StateCode>1</StateCode>
      <StateDesc>正常</StateDesc>
    </EBRDT>
    <EBRDT>
      <RptTime>2018-03-21 15:14:14</RptTime>
      <EBRID>060133112410421102</EBRID>
      <StateCode>1</StateCode>
      <StateDesc>正常</StateDesc>
    </EBRDT>
    <EBRDT>
      <RptTime>2018-03-21 15:14:14</RptTime>
      <EBRID>060133112421220101</EBRID>
      <StateCode>1</StateCode>
      <StateDesc>正常</StateDesc>
    </EBRDT>
    <EBRDT>
      <RptTime>2018-03-21 15:14:14</RptTime>
      <EBRID>060133112410421103</EBRID>
      <StateCode>1</StateCode>
      <StateDesc>正常</StateDesc>
    </EBRDT>
    <EBRDT>
      <RptTime>2018-03-21 15:14:14</RptTime>
      <EBRID>060133112410420002</EBRID>
      <StateCode>1</StateCode>
      <StateDesc>正常</StateDesc>
    </EBRDT>
    <EBRDT>
      <RptTime>2018-03-21 15:14:14</RptTime>
      <EBRID>060133112420720201</EBRID>
      <StateCode>1</StateCode>
      <StateDesc>正常</StateDesc>
    </EBRDT>
    <EBRDT>
      <RptTime>2018-03-21 15:14:14</RptTime>
      <EBRID>060133112420720401</EBRID>
      <StateCode>1</StateCode>
      <StateDesc>正常</StateDesc>
    </EBRDT>
    <EBRDT>
      <RptTime>2018-03-21 15:14:14</RptTime>
      <EBRID>060133112420820401</EBRID>
      <StateCode>1</StateCode>
      <StateDesc>正常</StateDesc>
    </EBRDT>
    <EBRDT>
      <RptTime>2018-03-21 15:14:14</RptTime>
      <EBRID>060133112420820601</EBRID>
      <StateCode>1</StateCode>
      <StateDesc>正常</StateDesc>
    </EBRDT>
    <EBRDT>
      <RptTime>2018-03-21 15:14:14</RptTime>
      <EBRID>060133112420821101</EBRID>
      <StateCode>1</StateCode>
      <StateDesc>正常</StateDesc>
    </EBRDT>
    <EBRDT>
      <RptTime>2018-03-21 15:14:14</RptTime>
      <EBRID>060133112420821201</EBRID>
      <StateCode>1</StateCode>
      <StateDesc>正常</StateDesc>
    </EBRDT>
    <EBRDT>
      <RptTime>2018-03-21 15:14:14</RptTime>
      <EBRID>060133112420820801</EBRID>
      <StateCode>1</StateCode>
      <StateDesc>正常</StateDesc>
    </EBRDT>
    <EBRDT>
      <RptTime>2018-03-21 15:14:14</RptTime>
      <EBRID>060133112420820501</EBRID>
      <StateCode>1</StateCode>
      <StateDesc>正常</StateDesc>
    </EBRDT>
    <EBRDT>
      <RptTime>2018-03-21 15:14:14</RptTime>
      <EBRID>060133112410420202</EBRID>
      <StateCode>1</StateCode>
      <StateDesc>正常</StateDesc>
    </EBRDT>
    <EBRDT>
      <RptTime>2018-03-21 15:14:14</RptTime>
      <EBRID>060133112410420306</EBRID>
      <StateCode>1</StateCode>
      <StateDesc>正常</StateDesc>
    </EBRDT>
    <EBRDT>
      <RptTime>2018-03-21 15:14:14</RptTime>
      <EBRID>060133112410420307</EBRID>
      <StateCode>1</StateCode>
      <StateDesc>正常</StateDesc>
    </EBRDT>
    <EBRDT>
      <RptTime>2018-03-21 15:14:14</RptTime>
      <EBRID>060133112420220101</EBRID>
      <StateCode>1</StateCode>
      <StateDesc>正常</StateDesc>
    </EBRDT>
    <EBRDT>
      <RptTime>2018-03-21 15:14:14</RptTime>
      <EBRID>060133112420220201</EBRID>
      <StateCode>1</StateCode>
      <StateDesc>正常</StateDesc>
    </EBRDT>
    <EBRDT>
      <RptTime>2018-03-21 15:14:14</RptTime>
      <EBRID>060133112420221101</EBRID>
      <StateCode>1</StateCode>
      <StateDesc>正常</StateDesc>
    </EBRDT>
    <EBRDT>
      <RptTime>2018-03-21 15:14:14</RptTime>
      <EBRID>060133112420220801</EBRID>
      <StateCode>1</StateCode>
      <StateDesc>正常</StateDesc>
    </EBRDT>
    <EBRDT>
      <RptTime>2018-03-21 15:14:14</RptTime>
      <EBRID>060133112410420603</EBRID>
      <StateCode>1</StateCode>
      <StateDesc>正常</StateDesc>
    </EBRDT>
    <EBRDT>
      <RptTime>2018-03-21 15:14:14</RptTime>
      <EBRID>060133112410220102</EBRID>
      <StateCode>1</StateCode>
      <StateDesc>正常</StateDesc>
    </EBRDT>
    <EBRDT>
      <RptTime>2018-03-21 15:14:14</RptTime>
      <EBRID>060133112410220802</EBRID>
      <StateCode>1</StateCode>
      <StateDesc>正常</StateDesc>
    </EBRDT>
    <EBRDT>
      <RptTime>2018-03-21 15:14:14</RptTime>
      <EBRID>060133112410220601</EBRID>
      <StateCode>1</StateCode>
      <StateDesc>正常</StateDesc>
    </EBRDT>
    <EBRDT>
      <RptTime>2018-03-21 15:14:14</RptTime>
      <EBRID>060133112410421701</EBRID>
      <StateCode>1</StateCode>
      <StateDesc>正常</StateDesc>
    </EBRDT>
    <EBRDT>
      <RptTime>2018-03-21 15:14:14</RptTime>
      <EBRID>060133112410421702</EBRID>
      <StateCode>1</StateCode>
      <StateDesc>正常</StateDesc>
    </EBRDT>
    <EBRDT>
      <RptTime>2018-03-21 15:14:14</RptTime>
      <EBRID>060133112410421703</EBRID>
      <StateCode>1</StateCode>
      <StateDesc>正常</StateDesc>
    </EBRDT>
    <EBRDT>
      <RptTime>2018-03-21 15:14:14</RptTime>
      <EBRID>060133112410420904</EBRID>
      <StateCode>1</StateCode>
      <StateDesc>正常</StateDesc>
    </EBRDT>
    <EBRDT>
      <RptTime>2018-03-21 15:14:14</RptTime>
      <EBRID>060133112410420402</EBRID>
      <StateCode>1</StateCode>
      <StateDesc>正常</StateDesc>
    </EBRDT>
    <EBRDT>
      <RptTime>2018-03-21 15:14:14</RptTime>
      <EBRID>060133112410420403</EBRID>
      <StateCode>1</StateCode>
      <StateDesc>正常</StateDesc>
    </EBRDT>
    <EBRDT>
      <RptTime>2018-03-21 15:14:14</RptTime>
      <EBRID>060133112410121801</EBRID>
      <StateCode>1</StateCode>
      <StateDesc>正常</StateDesc>
    </EBRDT>
    <EBRDT>
      <RptTime>2018-03-21 15:14:14</RptTime>
      <EBRID>060133112410122101</EBRID>
      <StateCode>1</StateCode>
      <StateDesc>正常</StateDesc>
    </EBRDT>
    <EBRDT>
      <RptTime>2018-03-21 15:14:14</RptTime>
      <EBRID>060133112410022502</EBRID>
      <StateCode>1</StateCode>
      <StateDesc>正常</StateDesc>
    </EBRDT>
    <EBRDT>
      <RptTime>2018-03-21 15:14:14</RptTime>
      <EBRID>060133112420221001</EBRID>
      <StateCode>1</StateCode>
      <StateDesc>正常</StateDesc>
    </EBRDT>
    <EBRDT>
      <RptTime>2018-03-21 15:14:14</RptTime>
      <EBRID>060133112420021701</EBRID>
      <StateCode>1</StateCode>
      <StateDesc>正常</StateDesc>
    </EBRDT>
    <EBRDT>
      <RptTime>2018-03-21 15:14:14</RptTime>
      <EBRID>060133112420020801</EBRID>
      <StateCode>1</StateCode>
      <StateDesc>正常</StateDesc>
    </EBRDT>
    <EBRDT>
      <RptTime>2018-03-21 15:14:14</RptTime>
      <EBRID>060133112410420407</EBRID>
      <StateCode>1</StateCode>
      <StateDesc>正常</StateDesc>
    </EBRDT>
    <EBRDT>
      <RptTime>2018-03-21 15:14:14</RptTime>
      <EBRID>060133112410220402</EBRID>
      <StateCode>1</StateCode>
      <StateDesc>正常</StateDesc>
    </EBRDT>
    <EBRDT>
      <RptTime>2018-03-21 15:14:14</RptTime>
      <EBRID>060133112420822101</EBRID>
      <StateCode>1</StateCode>
      <StateDesc>正常</StateDesc>
    </EBRDT>
    <EBRDT>
      <RptTime>2018-03-21 15:14:14</RptTime>
      <EBRID>060133112410220703</EBRID>
      <StateCode>1</StateCode>
      <StateDesc>正常</StateDesc>
    </EBRDT>
    <EBRDT>
      <RptTime>2018-03-21 15:14:14</RptTime>
      <EBRID>060133112410420203</EBRID>
      <StateCode>1</StateCode>
      <StateDesc>正常</StateDesc>
    </EBRDT>
    <EBRDT>
      <RptTime>2018-03-21 15:14:14</RptTime>
      <EBRID>060133112421020305</EBRID>
      <StateCode>1</StateCode>
      <StateDesc>正常</StateDesc>
    </EBRDT>
    <EBRDT>
      <RptTime>2018-03-21 15:14:14</RptTime>
      <EBRID>060133112410220706</EBRID>
      <StateCode>1</StateCode>
      <StateDesc>正常</StateDesc>
    </EBRDT>
    <EBRDT>
      <RptTime>2018-03-21 15:14:14</RptTime>
      <EBRID>060133112420320703</EBRID>
      <StateCode>1</StateCode>
      <StateDesc>正常</StateDesc>
    </EBRDT>
    <EBRDT>
      <RptTime>2018-03-21 15:14:14</RptTime>
      <EBRID>060133112421021010</EBRID>
      <StateCode>1</StateCode>
      <StateDesc>正常</StateDesc>
    </EBRDT>
    <EBRDT>
      <RptTime>2018-03-21 15:14:14</RptTime>
      <EBRID>060133112421120407</EBRID>
      <StateCode>1</StateCode>
      <StateDesc>正常</StateDesc>
    </EBRDT>
    <EBRDT>
      <RptTime>2018-03-21 15:14:14</RptTime>
      <EBRID>060133112410421801</EBRID>
      <StateCode>1</StateCode>
      <StateDesc>正常</StateDesc>
    </EBRDT>
    <EBRDT>
      <RptTime>2018-03-21 15:14:14</RptTime>
      <EBRID>060133112410421802</EBRID>
      <StateCode>1</StateCode>
      <StateDesc>正常</StateDesc>
    </EBRDT>
    <EBRDT>
      <RptTime>2018-03-21 15:14:14</RptTime>
      <EBRID>060133112410421803</EBRID>
      <StateCode>1</StateCode>
      <StateDesc>正常</StateDesc>
    </EBRDT>
    <EBRDT>
      <RptTime>2018-03-21 15:14:14</RptTime>
      <EBRID>060133112410220901</EBRID>
      <StateCode>1</StateCode>
      <StateDesc>正常</StateDesc>
    </EBRDT>
    <EBRDT>
      <RptTime>2018-03-21 15:14:14</RptTime>
      <EBRID>060133112410420204</EBRID>
      <StateCode>1</StateCode>
      <StateDesc>正常</StateDesc>
    </EBRDT>
    <EBRDT>
      <RptTime>2018-03-21 15:14:14</RptTime>
      <EBRID>060133112410420205</EBRID>
      <StateCode>1</StateCode>
      <StateDesc>正常</StateDesc>
    </EBRDT>
    <EBRDT>
      <RptTime>2018-03-21 15:14:14</RptTime>
      <EBRID>060133112410220105</EBRID>
      <StateCode>1</StateCode>
      <StateDesc>正常</StateDesc>
    </EBRDT>
    <EBRDT>
      <RptTime>2018-03-21 15:14:14</RptTime>
      <EBRID>060133112410222303</EBRID>
      <StateCode>1</StateCode>
      <StateDesc>正常</StateDesc>
    </EBRDT>
    <EBRDT>
      <RptTime>2018-03-21 15:14:14</RptTime>
      <EBRID>060133112410222304</EBRID>
      <StateCode>1</StateCode>
      <StateDesc>正常</StateDesc>
    </EBRDT>
    <EBRDT>
      <RptTime>2018-03-21 15:14:14</RptTime>
      <EBRID>060133112420020301</EBRID>
      <StateCode>1</StateCode>
      <StateDesc>正常</StateDesc>
    </EBRDT>
    <EBRDT>
      <RptTime>2018-03-21 15:14:14</RptTime>
      <EBRID>060133112420021201</EBRID>
      <StateCode>1</StateCode>
      <StateDesc>正常</StateDesc>
    </EBRDT>
    <EBRDT>
      <RptTime>2018-03-21 15:14:14</RptTime>
      <EBRID>060133112410422301</EBRID>
      <StateCode>1</StateCode>
      <StateDesc>正常</StateDesc>
    </EBRDT>
    <EBRDT>
      <RptTime>2018-03-21 15:14:14</RptTime>
      <EBRID>060133112410222901</EBRID>
      <StateCode>1</StateCode>
      <StateDesc>正常</StateDesc>
    </EBRDT>
    <EBRDT>
      <RptTime>2018-03-21 15:14:14</RptTime>
      <EBRID>060133112420720301</EBRID>
      <StateCode>1</StateCode>
      <StateDesc>正常</StateDesc>
    </EBRDT>
    <EBRDT>
      <RptTime>2018-03-21 15:14:14</RptTime>
      <EBRID>060133112420220303</EBRID>
      <StateCode>1</StateCode>
      <StateDesc>正常</StateDesc>
    </EBRDT>
    <EBRDT>
      <RptTime>2018-03-21 15:14:14</RptTime>
      <EBRID>060133112410422212</EBRID>
      <StateCode>1</StateCode>
      <StateDesc>正常</StateDesc>
    </EBRDT>
    <EBRDT>
      <RptTime>2018-03-21 15:14:14</RptTime>
      <EBRID>060133112420820105</EBRID>
      <StateCode>1</StateCode>
      <StateDesc>正常</StateDesc>
    </EBRDT>
    <EBRDT>
      <RptTime>2018-03-21 15:14:14</RptTime>
      <EBRID>060133112420620201</EBRID>
      <StateCode>1</StateCode>
      <StateDesc>正常</StateDesc>
    </EBRDT>
    <EBRDT>
      <RptTime>2018-03-21 15:14:14</RptTime>
      <EBRID>060133112410121201</EBRID>
      <StateCode>1</StateCode>
      <StateDesc>正常</StateDesc>
    </EBRDT>
    <EBRDT>
      <RptTime>2018-03-21 15:14:14</RptTime>
      <EBRID>060133112410121101</EBRID>
      <StateCode>1</StateCode>
      <StateDesc>正常</StateDesc>
    </EBRDT>
    <EBRDT>
      <RptTime>2018-03-21 15:14:14</RptTime>
      <EBRID>060133112410420201</EBRID>
      <StateCode>1</StateCode>
      <StateDesc>正常</StateDesc>
    </EBRDT>
    <EBRDT>
      <RptTime>2018-03-21 15:14:14</RptTime>
      <EBRID>060133112410420405</EBRID>
      <StateCode>1</StateCode>
      <StateDesc>正常</StateDesc>
    </EBRDT>
    <EBRDT>
      <RptTime>2018-03-21 15:14:14</RptTime>
      <EBRID>060133112420129901</EBRID>
      <StateCode>1</StateCode>
      <StateDesc>正常</StateDesc>
    </EBRDT>
    <EBRDT>
      <RptTime>2018-03-21 15:14:14</RptTime>
      <EBRID>060133112421420310</EBRID>
      <StateCode>1</StateCode>
      <StateDesc>正常</StateDesc>
    </EBRDT>
    <EBRDT>
      <RptTime>2018-03-21 15:14:14</RptTime>
      <EBRID>060133112410220106</EBRID>
      <StateCode>1</StateCode>
      <StateDesc>正常</StateDesc>
    </EBRDT>
    <EBRDT>
      <RptTime>2018-03-21 15:14:14</RptTime>
      <EBRID>060133112410121703</EBRID>
      <StateCode>1</StateCode>
      <StateDesc>正常</StateDesc>
    </EBRDT>
    <EBRDT>
      <RptTime>2018-03-21 15:14:14</RptTime>
      <EBRID>060133112410421606</EBRID>
      <StateCode>1</StateCode>
      <StateDesc>正常</StateDesc>
    </EBRDT>
    <EBRDT>
      <RptTime>2018-03-21 15:14:14</RptTime>
      <EBRID>060133112410422402</EBRID>
      <StateCode>1</StateCode>
      <StateDesc>正常</StateDesc>
    </EBRDT>
    <EBRDT>
      <RptTime>2018-03-21 15:14:14</RptTime>
      <EBRID>060133112410021204</EBRID>
      <StateCode>1</StateCode>
      <StateDesc>正常</StateDesc>
    </EBRDT>
    <EBRDT>
      <RptTime>2018-03-21 15:14:14</RptTime>
      <EBRID>060133112410122801</EBRID>
      <StateCode>1</StateCode>
      <StateDesc>正常</StateDesc>
    </EBRDT>
    <EBRDT>
      <RptTime>2018-03-21 15:14:14</RptTime>
      <EBRID>060133112421120217</EBRID>
      <StateCode>1</StateCode>
      <StateDesc>正常</StateDesc>
    </EBRDT>
    <EBRDT>
      <RptTime>2018-03-21 15:14:14</RptTime>
      <EBRID>060133112420220806</EBRID>
      <StateCode>1</StateCode>
      <StateDesc>正常</StateDesc>
    </EBRDT>
    <EBRDT>
      <RptTime>2018-03-21 15:14:14</RptTime>
      <EBRID>060133112420920702</EBRID>
      <StateCode>1</StateCode>
      <StateDesc>正常</StateDesc>
    </EBRDT>
    <EBRDT>
      <RptTime>2018-03-21 15:14:14</RptTime>
      <EBRID>060133112420620003</EBRID>
      <StateCode>1</StateCode>
      <StateDesc>正常</StateDesc>
    </EBRDT>
    <EBRDT>
      <RptTime>2018-03-21 15:14:14</RptTime>
      <EBRID>060133112420921003</EBRID>
      <StateCode>1</StateCode>
      <StateDesc>正常</StateDesc>
    </EBRDT>
    <EBRDT>
      <RptTime>2018-03-21 15:14:14</RptTime>
      <EBRID>060133112420620405</EBRID>
      <StateCode>1</StateCode>
      <StateDesc>正常</StateDesc>
    </EBRDT>
    <EBRDT>
      <RptTime>2018-03-21 15:14:14</RptTime>
      <EBRID>060133112410220207</EBRID>
      <StateCode>1</StateCode>
      <StateDesc>正常</StateDesc>
    </EBRDT>
  </EBRDTState>
</EBD>
