<?xml version="1.0" encoding="utf-8"?>
<EBD xmlns:xs="http://www.w3.org/2001/XMLSchema">
  <EBDVersion>1.0</EBDVersion>
  <EBDID>100103331124000000010000000000000907</EBDID>
  <EBDType>EBRDTInfo</EBDType>
  <SRC>
    <EBRID>010333112400000001</EBRID>
  </SRC>
  <EBDTime>2018-03-21 15:14:02</EBDTime>
  <EBRDTInfo>
    <EBRDT>
      <RptTime>2018-03-21 15:14:02</RptTime>
      <RptType>Sync</RptType>
      <RelatedEBRPS>
        <EBRID>010333112400000001</EBRID>
      </RelatedEBRPS>
      <EBRID>060133112420120101</EBRID>
      <EBRName>474号</EBRName>
      <Longitude>119.4581722982</Longitude>
      <Latitude>28.4311860992</Latitude>
      <Params />
    </EBRDT>
    <EBRDT>
      <RptTime>2018-03-21 15:14:02</RptTime>
      <RptType>Sync</RptType>
      <RelatedEBRPS>
        <EBRID>010333112400000001</EBRID>
      </RelatedEBRPS>
      <EBRID>060133112420620501</EBRID>
      <EBRName>510号</EBRName>
      <Longitude>119.3717694360</Longitude>
      <Latitude>28.5591380147</Latitude>
      <Params />
    </EBRDT>
    <EBRDT>
      <RptTime>2018-03-21 15:14:02</RptTime>
      <RptType>Sync</RptType>
      <RelatedEBRPS>
        <EBRID>010333112400000001</EBRID>
      </RelatedEBRPS>
      <EBRID>060133112410021706</EBRID>
      <EBRName>1662号</EBRName>
      <Longitude>119.49</Longitude>
      <Latitude>28.45</Latitude>
      <Params />
    </EBRDT>
    <EBRDT>
      <RptTime>2018-03-21 15:14:02</RptTime>
      <RptType>Sync</RptType>
      <RelatedEBRPS>
        <EBRID>010333112400000001</EBRID>
      </RelatedEBRPS>
      <EBRID>060133112410000413</EBRID>
      <EBRName>1764号</EBRName>
      <Longitude>119.49</Longitude>
      <Latitude>28.45</Latitude>
      <Params />
    </EBRDT>
    <EBRDT>
      <RptTime>2018-03-21 15:14:02</RptTime>
      <RptType>Sync</RptType>
      <RelatedEBRPS>
        <EBRID>010333112400000001</EBRID>
      </RelatedEBRPS>
      <EBRID>060133112420620509</EBRID>
      <EBRName>1665号</EBRName>
      <Longitude>119.49</Longitude>
      <Latitude>28.45</Latitude>
      <Params />
    </EBRDT>
    <EBRDT>
      <RptTime>2018-03-21 15:14:02</RptTime>
      <RptType>Sync</RptType>
      <RelatedEBRPS>
        <EBRID>010333112400000001</EBRID>
      </RelatedEBRPS>
      <EBRID>060133112410222001</EBRID>
      <EBRName>678号</EBRName>
      <Longitude>119.3032748042</Longitude>
      <Latitude>28.3817222612</Latitude>
      <Params />
    </EBRDT>
    <EBRDT>
      <RptTime>2018-03-21 15:14:02</RptTime>
      <RptType>Sync</RptType>
      <RelatedEBRPS>
        <EBRID>010333112400000001</EBRID>
      </RelatedEBRPS>
      <EBRID>060133112410222002</EBRID>
      <EBRName>680号</EBRName>
      <Longitude>119.302009</Longitude>
      <Latitude>28.380741</Latitude>
      <Params />
    </EBRDT>
    <EBRDT>
      <RptTime>2018-03-21 15:14:02</RptTime>
      <RptType>Sync</RptType>
      <RelatedEBRPS>
        <EBRID>010333112400000001</EBRID>
      </RelatedEBRPS>
      <EBRID>060133112421320904</EBRID>
      <EBRName>682号</EBRName>
      <Longitude>119.693427</Longitude>
      <Latitude>28.338967</Latitude>
      <Params />
    </EBRDT>
    <EBRDT>
      <RptTime>2018-03-21 15:14:02</RptTime>
      <RptType>Sync</RptType>
      <RelatedEBRPS>
        <EBRID>010333112400000001</EBRID>
      </RelatedEBRPS>
      <EBRID>060133112410220505</EBRID>
      <EBRName>1677号</EBRName>
      <Longitude>119.49</Longitude>
      <Latitude>28.45</Latitude>
      <Params />
    </EBRDT>
    <EBRDT>
      <RptTime>2018-03-21 15:14:02</RptTime>
      <RptType>Sync</RptType>
      <RelatedEBRPS>
        <EBRID>010333112400000001</EBRID>
      </RelatedEBRPS>
      <EBRID>060133112421120101</EBRID>
      <EBRName>694号</EBRName>
      <Longitude>119.1748995557</Longitude>
      <Latitude>28.3018458330</Latitude>
      <Params />
    </EBRDT>
    <EBRDT>
      <RptTime>2018-03-21 15:14:02</RptTime>
      <RptType>Sync</RptType>
      <RelatedEBRPS>
        <EBRID>010333112400000001</EBRID>
      </RelatedEBRPS>
      <EBRID>060133112420520601</EBRID>
      <EBRName>704号</EBRName>
      <Longitude>119.5178699148</Longitude>
      <Latitude>28.5196479507</Latitude>
      <Params />
    </EBRDT>
    <EBRDT>
      <RptTime>2018-03-21 15:14:02</RptTime>
      <RptType>Sync</RptType>
      <RelatedEBRPS>
        <EBRID>010333112400000001</EBRID>
      </RelatedEBRPS>
      <EBRID>060133112410323301</EBRID>
      <EBRName>707号</EBRName>
      <Longitude>119.6443204627</Longitude>
      <Latitude>28.4167777086</Latitude>
      <Params />
    </EBRDT>
    <EBRDT>
      <RptTime>2018-03-21 15:14:02</RptTime>
      <RptType>Sync</RptType>
      <RelatedEBRPS>
        <EBRID>010333112400000001</EBRID>
      </RelatedEBRPS>
      <EBRID>060133112410323101</EBRID>
      <EBRName>708号</EBRName>
      <Longitude>119.6480879226</Longitude>
      <Latitude>28.4203286727</Latitude>
      <Params />
    </EBRDT>
    <EBRDT>
      <RptTime>2018-03-21 15:14:02</RptTime>
      <RptType>Sync</RptType>
      <RelatedEBRPS>
        <EBRID>010333112400000001</EBRID>
      </RelatedEBRPS>
      <EBRID>060133112421020701</EBRID>
      <EBRName>712号</EBRName>
      <Longitude>119.3571448959</Longitude>
      <Latitude>28.4284297390</Latitude>
      <Params />
    </EBRDT>
    <EBRDT>
      <RptTime>2018-03-21 15:14:02</RptTime>
      <RptType>Sync</RptType>
      <RelatedEBRPS>
        <EBRID>010333112400000001</EBRID>
      </RelatedEBRPS>
      <EBRID>060133112421120707</EBRID>
      <EBRName>714号</EBRName>
      <Longitude>119.243088</Longitude>
      <Latitude>28.335686</Latitude>
      <Params />
    </EBRDT>
    <EBRDT>
      <RptTime>2018-03-21 15:14:02</RptTime>
      <RptType>Sync</RptType>
      <RelatedEBRPS>
        <EBRID>010333112400000001</EBRID>
      </RelatedEBRPS>
      <EBRID>060133112410223103</EBRID>
      <EBRName>717号</EBRName>
      <Longitude>119.289279</Longitude>
      <Latitude>28.450993</Latitude>
      <Params />
    </EBRDT>
    <EBRDT>
      <RptTime>2018-03-21 15:14:02</RptTime>
      <RptType>Sync</RptType>
      <RelatedEBRPS>
        <EBRID>010333112400000001</EBRID>
      </RelatedEBRPS>
      <EBRID>060133112421220703</EBRID>
      <EBRName>723号</EBRName>
      <Longitude>119.664747</Longitude>
      <Latitude>28.429753</Latitude>
      <Params />
    </EBRDT>
    <EBRDT>
      <RptTime>2018-03-21 15:14:02</RptTime>
      <RptType>Sync</RptType>
      <RelatedEBRPS>
        <EBRID>010333112400000001</EBRID>
      </RelatedEBRPS>
      <EBRID>060133112410524301</EBRID>
      <EBRName>732号</EBRName>
      <Longitude>119.3390349900</Longitude>
      <Latitude>28.4239245368</Latitude>
      <Params />
    </EBRDT>
    <EBRDT>
      <RptTime>2018-03-21 15:14:02</RptTime>
      <RptType>Sync</RptType>
      <RelatedEBRPS>
        <EBRID>010333112400000001</EBRID>
      </RelatedEBRPS>
      <EBRID>060133112420320001</EBRID>
      <EBRName>733号</EBRName>
      <Longitude>119.5460190972</Longitude>
      <Latitude>28.4596718838</Latitude>
      <Params />
    </EBRDT>
    <EBRDT>
      <RptTime>2018-03-21 15:14:02</RptTime>
      <RptType>Sync</RptType>
      <RelatedEBRPS>
        <EBRID>010333112400000001</EBRID>
      </RelatedEBRPS>
      <EBRID>060133112410025101</EBRID>
      <EBRName>498号</EBRName>
      <Longitude>119.4809104643</Longitude>
      <Latitude>28.4380601276</Latitude>
      <Params />
    </EBRDT>
    <EBRDT>
      <RptTime>2018-03-21 15:14:02</RptTime>
      <RptType>Sync</RptType>
      <RelatedEBRPS>
        <EBRID>010333112400000001</EBRID>
      </RelatedEBRPS>
      <EBRID>060133112410024601</EBRID>
      <EBRName>803号</EBRName>
      <Longitude>119.4911111056</Longitude>
      <Latitude>28.4342469741</Latitude>
      <Params />
    </EBRDT>
    <EBRDT>
      <RptTime>2018-03-21 15:14:02</RptTime>
      <RptType>Sync</RptType>
      <RelatedEBRPS>
        <EBRID>010333112400000001</EBRID>
      </RelatedEBRPS>
      <EBRID>060133112410024801</EBRID>
      <EBRName>500号</EBRName>
      <Longitude>119.4855064643</Longitude>
      <Latitude>28.4349951276</Latitude>
      <Params />
    </EBRDT>
    <EBRDT>
      <RptTime>2018-03-21 15:14:02</RptTime>
      <RptType>Sync</RptType>
      <RelatedEBRPS>
        <EBRID>010333112400000001</EBRID>
      </RelatedEBRPS>
      <EBRID>060133112410122901</EBRID>
      <EBRName>522号</EBRName>
      <Longitude>119.4478424826</Longitude>
      <Latitude>28.5039096907</Latitude>
      <Params />
    </EBRDT>
    <EBRDT>
      <RptTime>2018-03-21 15:14:02</RptTime>
      <RptType>Sync</RptType>
      <RelatedEBRPS>
        <EBRID>010333112400000001</EBRID>
      </RelatedEBRPS>
      <EBRID>060133112420021501</EBRID>
      <EBRName>526号</EBRName>
      <Longitude>119.4716110000</Longitude>
      <Latitude>28.4761060000</Latitude>
      <Params />
    </EBRDT>
    <EBRDT>
      <RptTime>2018-03-21 15:14:02</RptTime>
      <RptType>Sync</RptType>
      <RelatedEBRPS>
        <EBRID>010333112400000001</EBRID>
      </RelatedEBRPS>
      <EBRID>060133112410022101</EBRID>
      <EBRName>531号</EBRName>
      <Longitude>119.5493473623</Longitude>
      <Latitude>28.4329272648</Latitude>
      <Params />
    </EBRDT>
    <EBRDT>
      <RptTime>2018-03-21 15:14:02</RptTime>
      <RptType>Sync</RptType>
      <RelatedEBRPS>
        <EBRID>010333112400000001</EBRID>
      </RelatedEBRPS>
      <EBRID>060133112410320501</EBRID>
      <EBRName>544号</EBRName>
      <Longitude>119.5688558943</Longitude>
      <Latitude>28.4149420899</Latitude>
      <Params />
    </EBRDT>
    <EBRDT>
      <RptTime>2018-03-21 15:14:02</RptTime>
      <RptType>Sync</RptType>
      <RelatedEBRPS>
        <EBRID>010333112400000001</EBRID>
      </RelatedEBRPS>
      <EBRID>060133112420621101</EBRID>
      <EBRName>545号</EBRName>
      <Longitude>119.3773155687</Longitude>
      <Latitude>28.5793018222</Latitude>
      <Params />
    </EBRDT>
    <EBRDT>
      <RptTime>2018-03-21 15:14:02</RptTime>
      <RptType>Sync</RptType>
      <RelatedEBRPS>
        <EBRID>010333112400000001</EBRID>
      </RelatedEBRPS>
      <EBRID>060133112410023901</EBRID>
      <EBRName>554号</EBRName>
      <Longitude>119.4960226813</Longitude>
      <Latitude>28.3982172119</Latitude>
      <Params />
    </EBRDT>
    <EBRDT>
      <RptTime>2018-03-21 15:14:02</RptTime>
      <RptType>Sync</RptType>
      <RelatedEBRPS>
        <EBRID>010333112400000001</EBRID>
      </RelatedEBRPS>
      <EBRID>060133112410023701</EBRID>
      <EBRName>555号</EBRName>
      <Longitude>119.4769596640</Longitude>
      <Latitude>28.4006339079</Latitude>
      <Params />
    </EBRDT>
    <EBRDT>
      <RptTime>2018-03-21 15:14:02</RptTime>
      <RptType>Sync</RptType>
      <RelatedEBRPS>
        <EBRID>010333112400000001</EBRID>
      </RelatedEBRPS>
      <EBRID>060133112420021401</EBRID>
      <EBRName>556号</EBRName>
      <Longitude>119.4473639476</Longitude>
      <Latitude>28.4873404018</Latitude>
      <Params />
    </EBRDT>
    <EBRDT>
      <RptTime>2018-03-21 15:14:02</RptTime>
      <RptType>Sync</RptType>
      <RelatedEBRPS>
        <EBRID>010333112400000001</EBRID>
      </RelatedEBRPS>
      <EBRID>060133112410024001</EBRID>
      <EBRName>557号</EBRName>
      <Longitude>119.5026056671</Longitude>
      <Latitude>28.4063652893</Latitude>
      <Params />
    </EBRDT>
    <EBRDT>
      <RptTime>2018-03-21 15:14:02</RptTime>
      <RptType>Sync</RptType>
      <RelatedEBRPS>
        <EBRID>010333112400000001</EBRID>
      </RelatedEBRPS>
      <EBRID>060133112410022901</EBRID>
      <EBRName>558号</EBRName>
      <Longitude>119.4981074098</Longitude>
      <Latitude>28.4735394990</Latitude>
      <Params />
    </EBRDT>
    <EBRDT>
      <RptTime>2018-03-21 15:14:02</RptTime>
      <RptType>Sync</RptType>
      <RelatedEBRPS>
        <EBRID>010333112400000001</EBRID>
      </RelatedEBRPS>
      <EBRID>060133112410023601</EBRID>
      <EBRName>559号</EBRName>
      <Longitude>119.4726652250</Longitude>
      <Latitude>28.4102747949</Latitude>
      <Params />
    </EBRDT>
    <EBRDT>
      <RptTime>2018-03-21 15:14:02</RptTime>
      <RptType>Sync</RptType>
      <RelatedEBRPS>
        <EBRID>010333112400000001</EBRID>
      </RelatedEBRPS>
      <EBRID>060133112420120201</EBRID>
      <EBRName>576号</EBRName>
      <Longitude>119.4480992208</Longitude>
      <Latitude>28.4286494829</Latitude>
      <Params />
    </EBRDT>
    <EBRDT>
      <RptTime>2018-03-21 15:14:02</RptTime>
      <RptType>Sync</RptType>
      <RelatedEBRPS>
        <EBRID>010333112400000001</EBRID>
      </RelatedEBRPS>
      <EBRID>060133112410022201</EBRID>
      <EBRName>581号</EBRName>
      <Longitude>119.5218191897</Longitude>
      <Latitude>28.4508899356</Latitude>
      <Params />
    </EBRDT>
    <EBRDT>
      <RptTime>2018-03-21 15:14:02</RptTime>
      <RptType>Sync</RptType>
      <RelatedEBRPS>
        <EBRID>010333112400000001</EBRID>
      </RelatedEBRPS>
      <EBRID>060133112421420703</EBRID>
      <EBRName>582号</EBRName>
      <Longitude>119.386525</Longitude>
      <Latitude>28.28835</Latitude>
      <Params />
    </EBRDT>
    <EBRDT>
      <RptTime>2018-03-21 15:14:02</RptTime>
      <RptType>Sync</RptType>
      <RelatedEBRPS>
        <EBRID>010333112400000001</EBRID>
      </RelatedEBRPS>
      <EBRID>060133112410023801</EBRID>
      <EBRName>583号</EBRName>
      <Longitude>119.4878321501</Longitude>
      <Latitude>28.3969471163</Latitude>
      <Params />
    </EBRDT>
    <EBRDT>
      <RptTime>2018-03-21 15:14:02</RptTime>
      <RptType>Sync</RptType>
      <RelatedEBRPS>
        <EBRID>010333112400000001</EBRID>
      </RelatedEBRPS>
      <EBRID>060133112420621501</EBRID>
      <EBRName>598号</EBRName>
      <Longitude>119.4125620567</Longitude>
      <Latitude>28.5518218471</Latitude>
      <Params />
    </EBRDT>
    <EBRDT>
      <RptTime>2018-03-21 15:14:02</RptTime>
      <RptType>Sync</RptType>
      <RelatedEBRPS>
        <EBRID>010333112400000001</EBRID>
      </RelatedEBRPS>
      <EBRID>060133112410121406</EBRID>
      <EBRName>1740号</EBRName>
      <Longitude>119.49</Longitude>
      <Latitude>28.45</Latitude>
      <Params />
    </EBRDT>
    <EBRDT>
      <RptTime>2018-03-21 15:14:02</RptTime>
      <RptType>Sync</RptType>
      <RelatedEBRPS>
        <EBRID>010333112400000001</EBRID>
      </RelatedEBRPS>
      <EBRID>060133112410321901</EBRID>
      <EBRName>622号</EBRName>
      <Longitude>119.6343581745</Longitude>
      <Latitude>28.3602158254</Latitude>
      <Params />
    </EBRDT>
    <EBRDT>
      <RptTime>2018-03-21 15:14:02</RptTime>
      <RptType>Sync</RptType>
      <RelatedEBRPS>
        <EBRID>010333112400000001</EBRID>
      </RelatedEBRPS>
      <EBRID>060133112421320501</EBRID>
      <EBRName>637号</EBRName>
      <Longitude>119.6598625938</Longitude>
      <Latitude>28.4109258241</Latitude>
      <Params />
    </EBRDT>
    <EBRDT>
      <RptTime>2018-03-21 15:14:02</RptTime>
      <RptType>Sync</RptType>
      <RelatedEBRPS>
        <EBRID>010333112400000001</EBRID>
      </RelatedEBRPS>
      <EBRID>060133112410322901</EBRID>
      <EBRName>651号</EBRName>
      <Longitude>119.6326753411</Longitude>
      <Latitude>28.4341812757</Latitude>
      <Params />
    </EBRDT>
    <EBRDT>
      <RptTime>2018-03-21 15:14:02</RptTime>
      <RptType>Sync</RptType>
      <RelatedEBRPS>
        <EBRID>010333112400000001</EBRID>
      </RelatedEBRPS>
      <EBRID>060133112420621503</EBRID>
      <EBRName>654号</EBRName>
      <Longitude>119.41106</Longitude>
      <Latitude>28.553632</Latitude>
      <Params />
    </EBRDT>
    <EBRDT>
      <RptTime>2018-03-21 15:14:02</RptTime>
      <RptType>Sync</RptType>
      <RelatedEBRPS>
        <EBRID>010333112400000001</EBRID>
      </RelatedEBRPS>
      <EBRID>060133112420520702</EBRID>
      <EBRName>1796号</EBRName>
      <Longitude>119.49</Longitude>
      <Latitude>28.45</Latitude>
      <Params />
    </EBRDT>
    <EBRDT>
      <RptTime>2018-03-21 15:14:02</RptTime>
      <RptType>Sync</RptType>
      <RelatedEBRPS>
        <EBRID>010333112400000001</EBRID>
      </RelatedEBRPS>
      <EBRID>060133112410221001</EBRID>
      <EBRName>657号</EBRName>
      <Longitude>119.2566145849</Longitude>
      <Latitude>28.3504660024</Latitude>
      <Params />
    </EBRDT>
    <EBRDT>
      <RptTime>2018-03-21 15:14:02</RptTime>
      <RptType>Sync</RptType>
      <RelatedEBRPS>
        <EBRID>010333112400000001</EBRID>
      </RelatedEBRPS>
      <EBRID>060133112420320303</EBRID>
      <EBRName>1770号</EBRName>
      <Longitude>119.49</Longitude>
      <Latitude>28.45</Latitude>
      <Params />
    </EBRDT>
    <EBRDT>
      <RptTime>2018-03-21 15:14:02</RptTime>
      <RptType>Sync</RptType>
      <RelatedEBRPS>
        <EBRID>010333112400000001</EBRID>
      </RelatedEBRPS>
      <EBRID>060133112420520202</EBRID>
      <EBRName>1812号</EBRName>
      <Longitude>119.49</Longitude>
      <Latitude>28.45</Latitude>
      <Params />
    </EBRDT>
    <EBRDT>
      <RptTime>2018-03-21 15:14:02</RptTime>
      <RptType>Sync</RptType>
      <RelatedEBRPS>
        <EBRID>010333112400000001</EBRID>
      </RelatedEBRPS>
      <EBRID>060133112420520501</EBRID>
      <EBRName>1798号</EBRName>
      <Longitude>119.49</Longitude>
      <Latitude>28.45</Latitude>
      <Params />
    </EBRDT>
    <EBRDT>
      <RptTime>2018-03-21 15:14:02</RptTime>
      <RptType>Sync</RptType>
      <RelatedEBRPS>
        <EBRID>010333112400000001</EBRID>
      </RelatedEBRPS>
      <EBRID>060133112421120204</EBRID>
      <EBRName>698号</EBRName>
      <Longitude>119.19082</Longitude>
      <Latitude>28.287923</Latitude>
      <Params />
    </EBRDT>
    <EBRDT>
      <RptTime>2018-03-21 15:14:02</RptTime>
      <RptType>Sync</RptType>
      <RelatedEBRPS>
        <EBRID>010333112400000001</EBRID>
      </RelatedEBRPS>
      <EBRID>060133112421120801</EBRID>
      <EBRName>711号</EBRName>
      <Longitude>119.2315118198</Longitude>
      <Latitude>28.3599560254</Latitude>
      <Params />
    </EBRDT>
    <EBRDT>
      <RptTime>2018-03-21 15:14:02</RptTime>
      <RptType>Sync</RptType>
      <RelatedEBRPS>
        <EBRID>010333112400000001</EBRID>
      </RelatedEBRPS>
      <EBRID>060133112410321603</EBRID>
      <EBRName>721号</EBRName>
      <Longitude>119.594508</Longitude>
      <Latitude>28.361982</Latitude>
      <Params />
    </EBRDT>
    <EBRDT>
      <RptTime>2018-03-21 15:14:02</RptTime>
      <RptType>Sync</RptType>
      <RelatedEBRPS>
        <EBRID>010333112400000001</EBRID>
      </RelatedEBRPS>
      <EBRID>060133112421220702</EBRID>
      <EBRName>722号</EBRName>
      <Longitude>119.6590820154</Longitude>
      <Latitude>28.4287720642</Latitude>
      <Params />
    </EBRDT>
    <EBRDT>
      <RptTime>2018-03-21 15:14:02</RptTime>
      <RptType>Sync</RptType>
      <RelatedEBRPS>
        <EBRID>010333112400000001</EBRID>
      </RelatedEBRPS>
      <EBRID>060133112421220001</EBRID>
      <EBRName>734号</EBRName>
      <Longitude>119.6628505317</Longitude>
      <Latitude>28.4491138515</Latitude>
      <Params />
    </EBRDT>
    <EBRDT>
      <RptTime>2018-03-21 15:14:02</RptTime>
      <RptType>Sync</RptType>
      <RelatedEBRPS>
        <EBRID>010333112400000001</EBRID>
      </RelatedEBRPS>
      <EBRID>060133112421120702</EBRID>
      <EBRName>507号</EBRName>
      <Longitude>119.2397191525</Longitude>
      <Latitude>28.3351191469</Latitude>
      <Params />
    </EBRDT>
    <EBRDT>
      <RptTime>2018-03-21 15:14:02</RptTime>
      <RptType>Sync</RptType>
      <RelatedEBRPS>
        <EBRID>010333112400000001</EBRID>
      </RelatedEBRPS>
      <EBRID>060133112421120703</EBRID>
      <EBRName>508号</EBRName>
      <Longitude>119.240513</Longitude>
      <Latitude>28.337197</Latitude>
      <Params />
    </EBRDT>
    <EBRDT>
      <RptTime>2018-03-21 15:14:02</RptTime>
      <RptType>Sync</RptType>
      <RelatedEBRPS>
        <EBRID>010333112400000001</EBRID>
      </RelatedEBRPS>
      <EBRID>060133112410021601</EBRID>
      <EBRName>524号</EBRName>
      <Longitude>119.5235275946</Longitude>
      <Latitude>28.4268994918</Latitude>
      <Params />
    </EBRDT>
    <EBRDT>
      <RptTime>2018-03-21 15:14:02</RptTime>
      <RptType>Sync</RptType>
      <RelatedEBRPS>
        <EBRID>010333112400000001</EBRID>
      </RelatedEBRPS>
      <EBRID>060133112410024401</EBRID>
      <EBRName>525号</EBRName>
      <Longitude>119.4995997074</Longitude>
      <Latitude>28.4239561117</Latitude>
      <Params />
    </EBRDT>
    <EBRDT>
      <RptTime>2018-03-21 15:14:02</RptTime>
      <RptType>Sync</RptType>
      <RelatedEBRPS>
        <EBRID>010333112400000001</EBRID>
      </RelatedEBRPS>
      <EBRID>060133112410222603</EBRID>
      <EBRName>527号</EBRName>
      <Longitude>119.250391</Longitude>
      <Latitude>28.457505</Latitude>
      <Params />
    </EBRDT>
    <EBRDT>
      <RptTime>2018-03-21 15:14:02</RptTime>
      <RptType>Sync</RptType>
      <RelatedEBRPS>
        <EBRID>010333112400000001</EBRID>
      </RelatedEBRPS>
      <EBRID>060133112410320601</EBRID>
      <EBRName>538号</EBRName>
      <Longitude>119.5646889825</Longitude>
      <Latitude>28.4078358260</Latitude>
      <Params />
    </EBRDT>
    <EBRDT>
      <RptTime>2018-03-21 15:14:02</RptTime>
      <RptType>Sync</RptType>
      <RelatedEBRPS>
        <EBRID>010333112400000001</EBRID>
      </RelatedEBRPS>
      <EBRID>060133112420620801</EBRID>
      <EBRName>539号</EBRName>
      <Longitude>119.3873796855</Longitude>
      <Latitude>28.5617995309</Latitude>
      <Params />
    </EBRDT>
    <EBRDT>
      <RptTime>2018-03-21 15:14:02</RptTime>
      <RptType>Sync</RptType>
      <RelatedEBRPS>
        <EBRID>010333112400000001</EBRID>
      </RelatedEBRPS>
      <EBRID>060133112420620901</EBRID>
      <EBRName>540号</EBRName>
      <Longitude>119.3929015215</Longitude>
      <Latitude>28.5680073331</Latitude>
      <Params />
    </EBRDT>
    <EBRDT>
      <RptTime>2018-03-21 15:14:02</RptTime>
      <RptType>Sync</RptType>
      <RelatedEBRPS>
        <EBRID>010333112400000001</EBRID>
      </RelatedEBRPS>
      <EBRID>060133112420621301</EBRID>
      <EBRName>541号</EBRName>
      <Longitude>119.3991065327</Longitude>
      <Latitude>28.5583521895</Latitude>
      <Params />
    </EBRDT>
    <EBRDT>
      <RptTime>2018-03-21 15:14:02</RptTime>
      <RptType>Sync</RptType>
      <RelatedEBRPS>
        <EBRID>010333112400000001</EBRID>
      </RelatedEBRPS>
      <EBRID>060133112420621001</EBRID>
      <EBRName>546号</EBRName>
      <Longitude>119.3918540695</Longitude>
      <Latitude>28.5792498914</Latitude>
      <Params />
    </EBRDT>
    <EBRDT>
      <RptTime>2018-03-21 15:14:02</RptTime>
      <RptType>Sync</RptType>
      <RelatedEBRPS>
        <EBRID>010333112400000001</EBRID>
      </RelatedEBRPS>
      <EBRID>060133112410320901</EBRID>
      <EBRName>549号</EBRName>
      <Longitude>119.5654980957</Longitude>
      <Latitude>28.3806455186</Latitude>
      <Params />
    </EBRDT>
    <EBRDT>
      <RptTime>2018-03-21 15:14:02</RptTime>
      <RptType>Sync</RptType>
      <RelatedEBRPS>
        <EBRID>010333112400000001</EBRID>
      </RelatedEBRPS>
      <EBRID>060133112420821301</EBRID>
      <EBRName>561号</EBRName>
      <Longitude>119.3884915900</Longitude>
      <Latitude>28.5145587262</Latitude>
      <Params />
    </EBRDT>
    <EBRDT>
      <RptTime>2018-03-21 15:14:02</RptTime>
      <RptType>Sync</RptType>
      <RelatedEBRPS>
        <EBRID>010333112400000001</EBRID>
      </RelatedEBRPS>
      <EBRID>060133112421020306</EBRID>
      <EBRName>1851号</EBRName>
      <Longitude>119.49</Longitude>
      <Latitude>28.45</Latitude>
      <Params />
    </EBRDT>
    <EBRDT>
      <RptTime>2018-03-21 15:14:02</RptTime>
      <RptType>Sync</RptType>
      <RelatedEBRPS>
        <EBRID>010333112400000001</EBRID>
      </RelatedEBRPS>
      <EBRID>060133112421420708</EBRID>
      <EBRName>1830号</EBRName>
      <Longitude>119.49</Longitude>
      <Latitude>28.45</Latitude>
      <Params />
    </EBRDT>
    <EBRDT>
      <RptTime>2018-03-21 15:14:02</RptTime>
      <RptType>Sync</RptType>
      <RelatedEBRPS>
        <EBRID>010333112400000001</EBRID>
      </RelatedEBRPS>
      <EBRID>060133112420130102</EBRID>
      <EBRName>1843号</EBRName>
      <Longitude>119.49</Longitude>
      <Latitude>28.45</Latitude>
      <Params />
    </EBRDT>
    <EBRDT>
      <RptTime>2018-03-21 15:14:02</RptTime>
      <RptType>Sync</RptType>
      <RelatedEBRPS>
        <EBRID>010333112400000001</EBRID>
      </RelatedEBRPS>
      <EBRID>060133112410220807</EBRID>
      <EBRName>1846号</EBRName>
      <Longitude>119.49</Longitude>
      <Latitude>28.45</Latitude>
      <Params />
    </EBRDT>
    <EBRDT>
      <RptTime>2018-03-21 15:14:02</RptTime>
      <RptType>Sync</RptType>
      <RelatedEBRPS>
        <EBRID>010333112400000001</EBRID>
      </RelatedEBRPS>
      <EBRID>060133112420120501</EBRID>
      <EBRName>748号</EBRName>
      <Longitude>119.4381659552</Longitude>
      <Latitude>28.4436697293</Latitude>
      <Params />
    </EBRDT>
    <EBRDT>
      <RptTime>2018-03-21 15:14:02</RptTime>
      <RptType>Sync</RptType>
      <RelatedEBRPS>
        <EBRID>010333112400000001</EBRID>
      </RelatedEBRPS>
      <EBRID>060133112410000601</EBRID>
      <EBRName>578号</EBRName>
      <Longitude>119.5144727430</Longitude>
      <Latitude>28.4343655287</Latitude>
      <Params />
    </EBRDT>
    <EBRDT>
      <RptTime>2018-03-21 15:14:02</RptTime>
      <RptType>Sync</RptType>
      <RelatedEBRPS>
        <EBRID>010333112400000001</EBRID>
      </RelatedEBRPS>
      <EBRID>060133112410021101</EBRID>
      <EBRName>579号</EBRName>
      <Longitude>119.4651064702</Longitude>
      <Latitude>28.4513473058</Latitude>
      <Params />
    </EBRDT>
    <EBRDT>
      <RptTime>2018-03-21 15:14:02</RptTime>
      <RptType>Sync</RptType>
      <RelatedEBRPS>
        <EBRID>010333112400000001</EBRID>
      </RelatedEBRPS>
      <EBRID>060133112421420702</EBRID>
      <EBRName>580号</EBRName>
      <Longitude>119.3831772516</Longitude>
      <Latitude>28.2902019218</Latitude>
      <Params />
    </EBRDT>
    <EBRDT>
      <RptTime>2018-03-21 15:14:02</RptTime>
      <RptType>Sync</RptType>
      <RelatedEBRPS>
        <EBRID>010333112400000001</EBRID>
      </RelatedEBRPS>
      <EBRID>060133112420520101</EBRID>
      <EBRName>591号</EBRName>
      <Longitude>119.5907366797</Longitude>
      <Latitude>28.5256506761</Latitude>
      <Params />
    </EBRDT>
    <EBRDT>
      <RptTime>2018-03-21 15:14:02</RptTime>
      <RptType>Sync</RptType>
      <RelatedEBRPS>
        <EBRID>010333112400000001</EBRID>
      </RelatedEBRPS>
      <EBRID>060133112420121501</EBRID>
      <EBRName>594号</EBRName>
      <Longitude>119.3754915991</Longitude>
      <Latitude>28.4077563203</Latitude>
      <Params />
    </EBRDT>
    <EBRDT>
      <RptTime>2018-03-21 15:14:02</RptTime>
      <RptType>Sync</RptType>
      <RelatedEBRPS>
        <EBRID>010333112400000001</EBRID>
      </RelatedEBRPS>
      <EBRID>060133112421020001</EBRID>
      <EBRName>595号</EBRName>
      <Longitude>119.3659766791</Longitude>
      <Latitude>28.4591007314</Latitude>
      <Params />
    </EBRDT>
    <EBRDT>
      <RptTime>2018-03-21 15:14:02</RptTime>
      <RptType>Sync</RptType>
      <RelatedEBRPS>
        <EBRID>010333112400000001</EBRID>
      </RelatedEBRPS>
      <EBRID>060133112420421001</EBRID>
      <EBRName>596号</EBRName>
      <Longitude>119.3660122074</Longitude>
      <Latitude>28.3877377438</Latitude>
      <Params />
    </EBRDT>
    <EBRDT>
      <RptTime>2018-03-21 15:14:02</RptTime>
      <RptType>Sync</RptType>
      <RelatedEBRPS>
        <EBRID>010333112400000001</EBRID>
      </RelatedEBRPS>
      <EBRID>060133112421420001</EBRID>
      <EBRName>600号</EBRName>
      <Longitude>119.2819</Longitude>
      <Latitude>28.275012</Latitude>
      <Params />
    </EBRDT>
    <EBRDT>
      <RptTime>2018-03-21 15:14:02</RptTime>
      <RptType>Sync</RptType>
      <RelatedEBRPS>
        <EBRID>010333112400000001</EBRID>
      </RelatedEBRPS>
      <EBRID>060133112421420002</EBRID>
      <EBRName>601号</EBRName>
      <Longitude>119.2835738849</Longitude>
      <Latitude>28.2778090174</Latitude>
      <Params />
    </EBRDT>
    <EBRDT>
      <RptTime>2018-03-21 15:14:02</RptTime>
      <RptType>Sync</RptType>
      <RelatedEBRPS>
        <EBRID>010333112400000001</EBRID>
      </RelatedEBRPS>
      <EBRID>060133112421321101</EBRID>
      <EBRName>602号</EBRName>
      <Longitude>119.6930492323</Longitude>
      <Latitude>28.3117475637</Latitude>
      <Params />
    </EBRDT>
    <EBRDT>
      <RptTime>2018-03-21 15:14:02</RptTime>
      <RptType>Sync</RptType>
      <RelatedEBRPS>
        <EBRID>010333112400000001</EBRID>
      </RelatedEBRPS>
      <EBRID>060133112421420401</EBRID>
      <EBRName>603号</EBRName>
      <Longitude>119.3476935736</Longitude>
      <Latitude>28.2699567565</Latitude>
      <Params />
    </EBRDT>
    <EBRDT>
      <RptTime>2018-03-21 15:14:02</RptTime>
      <RptType>Sync</RptType>
      <RelatedEBRPS>
        <EBRID>010333112400000001</EBRID>
      </RelatedEBRPS>
      <EBRID>060133112420420701</EBRID>
      <EBRName>610号</EBRName>
      <Longitude>119.3907174295</Longitude>
      <Latitude>28.3954173941</Latitude>
      <Params />
    </EBRDT>
    <EBRDT>
      <RptTime>2018-03-21 15:14:02</RptTime>
      <RptType>Sync</RptType>
      <RelatedEBRPS>
        <EBRID>010333112400000001</EBRID>
      </RelatedEBRPS>
      <EBRID>060133112421420301</EBRID>
      <EBRName>611号</EBRName>
      <Longitude>119.33831499999997</Longitude>
      <Latitude>28.283641</Latitude>
      <Params />
    </EBRDT>
    <EBRDT>
      <RptTime>2018-03-21 15:14:02</RptTime>
      <RptType>Sync</RptType>
      <RelatedEBRPS>
        <EBRID>010333112400000001</EBRID>
      </RelatedEBRPS>
      <EBRID>060133112420420601</EBRID>
      <EBRName>615号</EBRName>
      <Longitude>119.4043083119</Longitude>
      <Latitude>28.3902011157</Latitude>
      <Params />
    </EBRDT>
    <EBRDT>
      <RptTime>2018-03-21 15:14:02</RptTime>
      <RptType>Sync</RptType>
      <RelatedEBRPS>
        <EBRID>010333112400000001</EBRID>
      </RelatedEBRPS>
      <EBRID>060133112420720001</EBRID>
      <EBRName>618号</EBRName>
      <Longitude>119.3800915900</Longitude>
      <Latitude>28.5122897262</Latitude>
      <Params />
    </EBRDT>
    <EBRDT>
      <RptTime>2018-03-21 15:14:02</RptTime>
      <RptType>Sync</RptType>
      <RelatedEBRPS>
        <EBRID>010333112400000001</EBRID>
      </RelatedEBRPS>
      <EBRID>060133112421320001</EBRID>
      <EBRName>623号</EBRName>
      <Longitude>119.6183827364</Longitude>
      <Latitude>28.3191290320</Latitude>
      <Params />
    </EBRDT>
    <EBRDT>
      <RptTime>2018-03-21 15:14:02</RptTime>
      <RptType>Sync</RptType>
      <RelatedEBRPS>
        <EBRID>010333112400000001</EBRID>
      </RelatedEBRPS>
      <EBRID>060133112410422701</EBRID>
      <EBRName>633号</EBRName>
      <Longitude>119.4125145725</Longitude>
      <Latitude>28.3203143895</Latitude>
      <Params />
    </EBRDT>
    <EBRDT>
      <RptTime>2018-03-21 15:14:02</RptTime>
      <RptType>Sync</RptType>
      <RelatedEBRPS>
        <EBRID>010333112400000001</EBRID>
      </RelatedEBRPS>
      <EBRID>060133112410023003</EBRID>
      <EBRName>1780号</EBRName>
      <Longitude>119.49</Longitude>
      <Latitude>28.45</Latitude>
      <Params />
    </EBRDT>
    <EBRDT>
      <RptTime>2018-03-21 15:14:02</RptTime>
      <RptType>Sync</RptType>
      <RelatedEBRPS>
        <EBRID>010333112400000001</EBRID>
      </RelatedEBRPS>
      <EBRID>060133112410024303</EBRID>
      <EBRName>1803号</EBRName>
      <Longitude>119.49</Longitude>
      <Latitude>28.45</Latitude>
      <Params />
    </EBRDT>
    <EBRDT>
      <RptTime>2018-03-21 15:14:02</RptTime>
      <RptType>Sync</RptType>
      <RelatedEBRPS>
        <EBRID>010333112400000001</EBRID>
      </RelatedEBRPS>
      <EBRID>060133112420020403</EBRID>
      <EBRName>1765号</EBRName>
      <Longitude>119.49</Longitude>
      <Latitude>28.45</Latitude>
      <Params />
    </EBRDT>
    <EBRDT>
      <RptTime>2018-03-21 15:14:02</RptTime>
      <RptType>Sync</RptType>
      <RelatedEBRPS>
        <EBRID>010333112400000001</EBRID>
      </RelatedEBRPS>
      <EBRID>060133112420822001</EBRID>
      <EBRName>643号</EBRName>
      <Longitude>119.3718970518</Longitude>
      <Latitude>28.4800145679</Latitude>
      <Params />
    </EBRDT>
    <EBRDT>
      <RptTime>2018-03-21 15:14:02</RptTime>
      <RptType>Sync</RptType>
      <RelatedEBRPS>
        <EBRID>010333112400000001</EBRID>
      </RelatedEBRPS>
      <EBRID>060133112410422103</EBRID>
      <EBRName>640号</EBRName>
      <Longitude>119.442222</Longitude>
      <Latitude>28.310218</Latitude>
      <Params />
    </EBRDT>
    <EBRDT>
      <RptTime>2018-03-21 15:14:02</RptTime>
      <RptType>Sync</RptType>
      <RelatedEBRPS>
        <EBRID>010333112400000001</EBRID>
      </RelatedEBRPS>
      <EBRID>060133112421021101</EBRID>
      <EBRName>645号</EBRName>
      <Longitude>119.3442603299</Longitude>
      <Latitude>28.4768889421</Latitude>
      <Params />
    </EBRDT>
    <EBRDT>
      <RptTime>2018-03-21 15:14:02</RptTime>
      <RptType>Sync</RptType>
      <RelatedEBRPS>
        <EBRID>010333112400000001</EBRID>
      </RelatedEBRPS>
      <EBRID>060133112410220707</EBRID>
      <EBRName>1689号</EBRName>
      <Longitude>119.49</Longitude>
      <Latitude>28.45</Latitude>
      <Params />
    </EBRDT>
    <EBRDT>
      <RptTime>2018-03-21 15:14:02</RptTime>
      <RptType>Sync</RptType>
      <RelatedEBRPS>
        <EBRID>010333112400000001</EBRID>
      </RelatedEBRPS>
      <EBRID>060133112421420403</EBRID>
      <EBRName>648号</EBRName>
      <Longitude>119.345119</Longitude>
      <Latitude>28.267689</Latitude>
      <Params />
    </EBRDT>
    <EBRDT>
      <RptTime>2018-03-21 15:14:02</RptTime>
      <RptType>Sync</RptType>
      <RelatedEBRPS>
        <EBRID>010333112400000001</EBRID>
      </RelatedEBRPS>
      <EBRID>060133112410422806</EBRID>
      <EBRName>649号</EBRName>
      <Longitude>119.387098</Longitude>
      <Latitude>28.31921</Latitude>
      <Params />
    </EBRDT>
    <EBRDT>
      <RptTime>2018-03-21 15:14:02</RptTime>
      <RptType>Sync</RptType>
      <RelatedEBRPS>
        <EBRID>010333112400000001</EBRID>
      </RelatedEBRPS>
      <EBRID>060133112410221501</EBRID>
      <EBRName>676号</EBRName>
      <Longitude>119.294546</Longitude>
      <Latitude>28.416995</Latitude>
      <Params />
    </EBRDT>
    <EBRDT>
      <RptTime>2018-03-21 15:14:02</RptTime>
      <RptType>Sync</RptType>
      <RelatedEBRPS>
        <EBRID>010333112400000001</EBRID>
      </RelatedEBRPS>
      <EBRID>060133112410221502</EBRID>
      <EBRName>677号</EBRName>
      <Longitude>119.2938592106</Longitude>
      <Latitude>28.4190332514</Latitude>
      <Params />
    </EBRDT>
    <EBRDT>
      <RptTime>2018-03-21 15:14:02</RptTime>
      <RptType>Sync</RptType>
      <RelatedEBRPS>
        <EBRID>010333112400000001</EBRID>
      </RelatedEBRPS>
      <EBRID>060133112410222201</EBRID>
      <EBRName>799号</EBRName>
      <Longitude>119.3114525982</Longitude>
      <Latitude>28.3908547555</Latitude>
      <Params />
    </EBRDT>
  </EBRDTInfo>
  <Params>
    <RPTStartTime>2018-03-21 15:14:02</RPTStartTime>
    <RPTEndTime>2018-03-21 15:14:02</RPTEndTime>
    <RptType>
    </RptType>
  </Params>
</EBD>
