<?xml version="1.0" encoding="utf-8"?>
<EBD xmlns:xs="http://www.w3.org/2001/XMLSchema">
  <EBDVersion>1.0</EBDVersion>
  <EBDID>100103331124000000010000000000000754</EBDID>
  <EBDType>EBRDTInfo</EBDType>
  <SRC>
    <EBRID>010333112400000001</EBRID>
  </SRC>
  <EBDTime>2018-03-21 15:14:15</EBDTime>
  <EBRDTInfo>
    <EBRDT>
      <RptTime>2018-03-21 15:14:15</RptTime>
      <RptType>Sync</RptType>
      <RelatedEBRPS>
        <EBRID>010333112400000001</EBRID>
      </RelatedEBRPS>
      <EBRID>060133112420220604</EBRID>
      <EBRName>1824号</EBRName>
      <Longitude>119.49</Longitude>
      <Latitude>28.45</Latitude>
      <Params />
    </EBRDT>
    <EBRDT>
      <RptTime>2018-03-21 15:14:15</RptTime>
      <RptType>Sync</RptType>
      <RelatedEBRPS>
        <EBRID>010333112400000001</EBRID>
      </RelatedEBRPS>
      <EBRID>060133112420021803</EBRID>
      <EBRName>1209号</EBRName>
      <Longitude>119.49</Longitude>
      <Latitude>28.45</Latitude>
      <Params />
    </EBRDT>
    <EBRDT>
      <RptTime>2018-03-21 15:14:15</RptTime>
      <RptType>Sync</RptType>
      <RelatedEBRPS>
        <EBRID>010333112400000001</EBRID>
      </RelatedEBRPS>
      <EBRID>060133112421220003</EBRID>
      <EBRName>1211号</EBRName>
      <Longitude>119.49</Longitude>
      <Latitude>28.45</Latitude>
      <Params />
    </EBRDT>
    <EBRDT>
      <RptTime>2018-03-21 15:14:15</RptTime>
      <RptType>Sync</RptType>
      <RelatedEBRPS>
        <EBRID>010333112400000001</EBRID>
      </RelatedEBRPS>
      <EBRID>060133112421220405</EBRID>
      <EBRName>1214号</EBRName>
      <Longitude>119.49</Longitude>
      <Latitude>28.45</Latitude>
      <Params />
    </EBRDT>
    <EBRDT>
      <RptTime>2018-03-21 15:14:15</RptTime>
      <RptType>Sync</RptType>
      <RelatedEBRPS>
        <EBRID>010333112400000001</EBRID>
      </RelatedEBRPS>
      <EBRID>060133112410322602</EBRID>
      <EBRName>1215号</EBRName>
      <Longitude>119.49</Longitude>
      <Latitude>28.45</Latitude>
      <Params />
    </EBRDT>
    <EBRDT>
      <RptTime>2018-03-21 15:14:15</RptTime>
      <RptType>Sync</RptType>
      <RelatedEBRPS>
        <EBRID>010333112400000001</EBRID>
      </RelatedEBRPS>
      <EBRID>060133112420220202</EBRID>
      <EBRName>1216号</EBRName>
      <Longitude>119.49</Longitude>
      <Latitude>28.45</Latitude>
      <Params />
    </EBRDT>
    <EBRDT>
      <RptTime>2018-03-21 15:14:15</RptTime>
      <RptType>Sync</RptType>
      <RelatedEBRPS>
        <EBRID>010333112400000001</EBRID>
      </RelatedEBRPS>
      <EBRID>060133112420120603</EBRID>
      <EBRName>1218号</EBRName>
      <Longitude>119.49</Longitude>
      <Latitude>28.45</Latitude>
      <Params />
    </EBRDT>
    <EBRDT>
      <RptTime>2018-03-21 15:14:15</RptTime>
      <RptType>Sync</RptType>
      <RelatedEBRPS>
        <EBRID>010333112400000001</EBRID>
      </RelatedEBRPS>
      <EBRID>060133112420120604</EBRID>
      <EBRName>1219号</EBRName>
      <Longitude>119.49</Longitude>
      <Latitude>28.45</Latitude>
      <Params />
    </EBRDT>
    <EBRDT>
      <RptTime>2018-03-21 15:14:15</RptTime>
      <RptType>Sync</RptType>
      <RelatedEBRPS>
        <EBRID>010333112400000001</EBRID>
      </RelatedEBRPS>
      <EBRID>060133112420320102</EBRID>
      <EBRName>1226号</EBRName>
      <Longitude>119.49</Longitude>
      <Latitude>28.45</Latitude>
      <Params />
    </EBRDT>
    <EBRDT>
      <RptTime>2018-03-21 15:14:15</RptTime>
      <RptType>Sync</RptType>
      <RelatedEBRPS>
        <EBRID>010333112400000001</EBRID>
      </RelatedEBRPS>
      <EBRID>060133112420320302</EBRID>
      <EBRName>1227号</EBRName>
      <Longitude>119.49</Longitude>
      <Latitude>28.45</Latitude>
      <Params />
    </EBRDT>
    <EBRDT>
      <RptTime>2018-03-21 15:14:15</RptTime>
      <RptType>Sync</RptType>
      <RelatedEBRPS>
        <EBRID>010333112400000001</EBRID>
      </RelatedEBRPS>
      <EBRID>060133112420321703</EBRID>
      <EBRName>1228号</EBRName>
      <Longitude>119.49</Longitude>
      <Latitude>28.45</Latitude>
      <Params />
    </EBRDT>
    <EBRDT>
      <RptTime>2018-03-21 15:14:15</RptTime>
      <RptType>Sync</RptType>
      <RelatedEBRPS>
        <EBRID>010333112400000001</EBRID>
      </RelatedEBRPS>
      <EBRID>060133112410122602</EBRID>
      <EBRName>1230号</EBRName>
      <Longitude>119.49</Longitude>
      <Latitude>28.45</Latitude>
      <Params />
    </EBRDT>
    <EBRDT>
      <RptTime>2018-03-21 15:14:15</RptTime>
      <RptType>Sync</RptType>
      <RelatedEBRPS>
        <EBRID>010333112400000001</EBRID>
      </RelatedEBRPS>
      <EBRID>060133112410322303</EBRID>
      <EBRName>1231号</EBRName>
      <Longitude>119.49</Longitude>
      <Latitude>28.45</Latitude>
      <Params />
    </EBRDT>
    <EBRDT>
      <RptTime>2018-03-21 15:14:15</RptTime>
      <RptType>Sync</RptType>
      <RelatedEBRPS>
        <EBRID>010333112400000001</EBRID>
      </RelatedEBRPS>
      <EBRID>060133112410122604</EBRID>
      <EBRName>1233号</EBRName>
      <Longitude>119.49</Longitude>
      <Latitude>28.45</Latitude>
      <Params />
    </EBRDT>
    <EBRDT>
      <RptTime>2018-03-21 15:14:15</RptTime>
      <RptType>Sync</RptType>
      <RelatedEBRPS>
        <EBRID>010333112400000001</EBRID>
      </RelatedEBRPS>
      <EBRID>060133112410023704</EBRID>
      <EBRName>1234号</EBRName>
      <Longitude>119.49</Longitude>
      <Latitude>28.45</Latitude>
      <Params />
    </EBRDT>
    <EBRDT>
      <RptTime>2018-03-21 15:14:15</RptTime>
      <RptType>Sync</RptType>
      <RelatedEBRPS>
        <EBRID>010333112400000001</EBRID>
      </RelatedEBRPS>
      <EBRID>060133112410023803</EBRID>
      <EBRName>1237号</EBRName>
      <Longitude>119.49</Longitude>
      <Latitude>28.45</Latitude>
      <Params />
    </EBRDT>
    <EBRDT>
      <RptTime>2018-03-21 15:14:15</RptTime>
      <RptType>Sync</RptType>
      <RelatedEBRPS>
        <EBRID>010333112400000001</EBRID>
      </RelatedEBRPS>
      <EBRID>060133112410122606</EBRID>
      <EBRName>1238号</EBRName>
      <Longitude>119.49</Longitude>
      <Latitude>28.45</Latitude>
      <Params />
    </EBRDT>
    <EBRDT>
      <RptTime>2018-03-21 15:14:15</RptTime>
      <RptType>Sync</RptType>
      <RelatedEBRPS>
        <EBRID>010333112400000001</EBRID>
      </RelatedEBRPS>
      <EBRID>060133112420020302</EBRID>
      <EBRName>1239号</EBRName>
      <Longitude>119.49</Longitude>
      <Latitude>28.45</Latitude>
      <Params />
    </EBRDT>
    <EBRDT>
      <RptTime>2018-03-21 15:14:15</RptTime>
      <RptType>Sync</RptType>
      <RelatedEBRPS>
        <EBRID>010333112400000001</EBRID>
      </RelatedEBRPS>
      <EBRID>060133112410420311</EBRID>
      <EBRName>1240号</EBRName>
      <Longitude>119.49</Longitude>
      <Latitude>28.45</Latitude>
      <Params />
    </EBRDT>
    <EBRDT>
      <RptTime>2018-03-21 15:14:15</RptTime>
      <RptType>Sync</RptType>
      <RelatedEBRPS>
        <EBRID>010333112400000001</EBRID>
      </RelatedEBRPS>
      <EBRID>060133112410222903</EBRID>
      <EBRName>1241号</EBRName>
      <Longitude>119.49</Longitude>
      <Latitude>28.45</Latitude>
      <Params />
    </EBRDT>
    <EBRDT>
      <RptTime>2018-03-21 15:14:15</RptTime>
      <RptType>Sync</RptType>
      <RelatedEBRPS>
        <EBRID>010333112400000001</EBRID>
      </RelatedEBRPS>
      <EBRID>060133112410223006</EBRID>
      <EBRName>1243号</EBRName>
      <Longitude>119.49</Longitude>
      <Latitude>28.45</Latitude>
      <Params />
    </EBRDT>
    <EBRDT>
      <RptTime>2018-03-21 15:14:15</RptTime>
      <RptType>Sync</RptType>
      <RelatedEBRPS>
        <EBRID>010333112400000001</EBRID>
      </RelatedEBRPS>
      <EBRID>060133112421220802</EBRID>
      <EBRName>1244号</EBRName>
      <Longitude>119.49</Longitude>
      <Latitude>28.45</Latitude>
      <Params />
    </EBRDT>
    <EBRDT>
      <RptTime>2018-03-21 15:14:15</RptTime>
      <RptType>Sync</RptType>
      <RelatedEBRPS>
        <EBRID>010333112400000001</EBRID>
      </RelatedEBRPS>
      <EBRID>060133112421220803</EBRID>
      <EBRName>1245号</EBRName>
      <Longitude>119.49</Longitude>
      <Latitude>28.45</Latitude>
      <Params />
    </EBRDT>
    <EBRDT>
      <RptTime>2018-03-21 15:14:15</RptTime>
      <RptType>Sync</RptType>
      <RelatedEBRPS>
        <EBRID>010333112400000001</EBRID>
      </RelatedEBRPS>
      <EBRID>060133112421220804</EBRID>
      <EBRName>1246号</EBRName>
      <Longitude>119.49</Longitude>
      <Latitude>28.45</Latitude>
      <Params />
    </EBRDT>
    <EBRDT>
      <RptTime>2018-03-21 15:14:15</RptTime>
      <RptType>Sync</RptType>
      <RelatedEBRPS>
        <EBRID>010333112400000001</EBRID>
      </RelatedEBRPS>
      <EBRID>060133112421220805</EBRID>
      <EBRName>1247号</EBRName>
      <Longitude>119.49</Longitude>
      <Latitude>28.45</Latitude>
      <Params />
    </EBRDT>
    <EBRDT>
      <RptTime>2018-03-21 15:14:15</RptTime>
      <RptType>Sync</RptType>
      <RelatedEBRPS>
        <EBRID>010333112400000001</EBRID>
      </RelatedEBRPS>
      <EBRID>060133112410122404</EBRID>
      <EBRName>1249号</EBRName>
      <Longitude>119.49</Longitude>
      <Latitude>28.45</Latitude>
      <Params />
    </EBRDT>
    <EBRDT>
      <RptTime>2018-03-21 15:14:15</RptTime>
      <RptType>Sync</RptType>
      <RelatedEBRPS>
        <EBRID>010333112400000001</EBRID>
      </RelatedEBRPS>
      <EBRID>060133112410222702</EBRID>
      <EBRName>1250号</EBRName>
      <Longitude>119.49</Longitude>
      <Latitude>28.45</Latitude>
      <Params />
    </EBRDT>
    <EBRDT>
      <RptTime>2018-03-21 15:14:15</RptTime>
      <RptType>Sync</RptType>
      <RelatedEBRPS>
        <EBRID>010333112400000001</EBRID>
      </RelatedEBRPS>
      <EBRID>060133112410322502</EBRID>
      <EBRName>1251号</EBRName>
      <Longitude>119.49</Longitude>
      <Latitude>28.45</Latitude>
      <Params />
    </EBRDT>
    <EBRDT>
      <RptTime>2018-03-21 15:14:15</RptTime>
      <RptType>Sync</RptType>
      <RelatedEBRPS>
        <EBRID>010333112400000001</EBRID>
      </RelatedEBRPS>
      <EBRID>060133112410023903</EBRID>
      <EBRName>1252号</EBRName>
      <Longitude>119.49</Longitude>
      <Latitude>28.45</Latitude>
      <Params />
    </EBRDT>
    <EBRDT>
      <RptTime>2018-03-21 15:14:15</RptTime>
      <RptType>Sync</RptType>
      <RelatedEBRPS>
        <EBRID>010333112400000001</EBRID>
      </RelatedEBRPS>
      <EBRID>060133112420820902</EBRID>
      <EBRName>1253号</EBRName>
      <Longitude>119.49</Longitude>
      <Latitude>28.45</Latitude>
      <Params />
    </EBRDT>
    <EBRDT>
      <RptTime>2018-03-21 15:14:15</RptTime>
      <RptType>Sync</RptType>
      <RelatedEBRPS>
        <EBRID>010333112400000001</EBRID>
      </RelatedEBRPS>
      <EBRID>060133112410024104</EBRID>
      <EBRName>1263号</EBRName>
      <Longitude>119.49</Longitude>
      <Latitude>28.45</Latitude>
      <Params />
    </EBRDT>
    <EBRDT>
      <RptTime>2018-03-21 15:14:15</RptTime>
      <RptType>Sync</RptType>
      <RelatedEBRPS>
        <EBRID>010333112400000001</EBRID>
      </RelatedEBRPS>
      <EBRID>060133112410121803</EBRID>
      <EBRName>1260号</EBRName>
      <Longitude>119.49</Longitude>
      <Latitude>28.45</Latitude>
      <Params />
    </EBRDT>
    <EBRDT>
      <RptTime>2018-03-21 15:14:15</RptTime>
      <RptType>Sync</RptType>
      <RelatedEBRPS>
        <EBRID>010333112400000001</EBRID>
      </RelatedEBRPS>
      <EBRID>060133112410222703</EBRID>
      <EBRName>1261号</EBRName>
      <Longitude>119.49</Longitude>
      <Latitude>28.45</Latitude>
      <Params />
    </EBRDT>
    <EBRDT>
      <RptTime>2018-03-21 15:14:15</RptTime>
      <RptType>Sync</RptType>
      <RelatedEBRPS>
        <EBRID>010333112400000001</EBRID>
      </RelatedEBRPS>
      <EBRID>060133112410322504</EBRID>
      <EBRName>1262号</EBRName>
      <Longitude>119.49</Longitude>
      <Latitude>28.45</Latitude>
      <Params />
    </EBRDT>
    <EBRDT>
      <RptTime>2018-03-21 15:14:15</RptTime>
      <RptType>Sync</RptType>
      <RelatedEBRPS>
        <EBRID>010333112400000001</EBRID>
      </RelatedEBRPS>
      <EBRID>060133112420621507</EBRID>
      <EBRName>1562号</EBRName>
      <Longitude>119.49</Longitude>
      <Latitude>28.45</Latitude>
      <Params />
    </EBRDT>
    <EBRDT>
      <RptTime>2018-03-21 15:14:15</RptTime>
      <RptType>Sync</RptType>
      <RelatedEBRPS>
        <EBRID>010333112400000001</EBRID>
      </RelatedEBRPS>
      <EBRID>060133112420820903</EBRID>
      <EBRName>1265号</EBRName>
      <Longitude>119.49</Longitude>
      <Latitude>28.45</Latitude>
      <Params />
    </EBRDT>
    <EBRDT>
      <RptTime>2018-03-21 15:14:15</RptTime>
      <RptType>Sync</RptType>
      <RelatedEBRPS>
        <EBRID>010333112400000001</EBRID>
      </RelatedEBRPS>
      <EBRID>060133112410222501</EBRID>
      <EBRName>1694号</EBRName>
      <Longitude>119.49</Longitude>
      <Latitude>28.45</Latitude>
      <Params />
    </EBRDT>
    <EBRDT>
      <RptTime>2018-03-21 15:14:15</RptTime>
      <RptType>Sync</RptType>
      <RelatedEBRPS>
        <EBRID>010333112400000001</EBRID>
      </RelatedEBRPS>
      <EBRID>060133112410121804</EBRID>
      <EBRName>1267号</EBRName>
      <Longitude>119.49</Longitude>
      <Latitude>28.45</Latitude>
      <Params />
    </EBRDT>
    <EBRDT>
      <RptTime>2018-03-21 15:14:15</RptTime>
      <RptType>Sync</RptType>
      <RelatedEBRPS>
        <EBRID>010333112400000001</EBRID>
      </RelatedEBRPS>
      <EBRID>060133112420320403</EBRID>
      <EBRName>1268号</EBRName>
      <Longitude>119.49</Longitude>
      <Latitude>28.45</Latitude>
      <Params />
    </EBRDT>
    <EBRDT>
      <RptTime>2018-03-21 15:14:15</RptTime>
      <RptType>Sync</RptType>
      <RelatedEBRPS>
        <EBRID>010333112400000001</EBRID>
      </RelatedEBRPS>
      <EBRID>060133112410024404</EBRID>
      <EBRName>1269号</EBRName>
      <Longitude>119.49</Longitude>
      <Latitude>28.45</Latitude>
      <Params />
    </EBRDT>
    <EBRDT>
      <RptTime>2018-03-21 15:14:15</RptTime>
      <RptType>Sync</RptType>
      <RelatedEBRPS>
        <EBRID>010333112400000001</EBRID>
      </RelatedEBRPS>
      <EBRID>060133112421021002</EBRID>
      <EBRName>1317号</EBRName>
      <Longitude>119.49</Longitude>
      <Latitude>28.45</Latitude>
      <Params />
    </EBRDT>
    <EBRDT>
      <RptTime>2018-03-21 15:14:15</RptTime>
      <RptType>Sync</RptType>
      <RelatedEBRPS>
        <EBRID>010333112400000001</EBRID>
      </RelatedEBRPS>
      <EBRID>060133112420120605</EBRID>
      <EBRName>1288号</EBRName>
      <Longitude>119.49</Longitude>
      <Latitude>28.45</Latitude>
      <Params />
    </EBRDT>
    <EBRDT>
      <RptTime>2018-03-21 15:14:15</RptTime>
      <RptType>Sync</RptType>
      <RelatedEBRPS>
        <EBRID>010333112400000001</EBRID>
      </RelatedEBRPS>
      <EBRID>060133112420721602</EBRID>
      <EBRName>1289号</EBRName>
      <Longitude>119.49</Longitude>
      <Latitude>28.45</Latitude>
      <Params />
    </EBRDT>
    <EBRDT>
      <RptTime>2018-03-21 15:14:15</RptTime>
      <RptType>Sync</RptType>
      <RelatedEBRPS>
        <EBRID>010333112400000001</EBRID>
      </RelatedEBRPS>
      <EBRID>060133112420120802</EBRID>
      <EBRName>1291号</EBRName>
      <Longitude>119.49</Longitude>
      <Latitude>28.45</Latitude>
      <Params />
    </EBRDT>
    <EBRDT>
      <RptTime>2018-03-21 15:14:15</RptTime>
      <RptType>Sync</RptType>
      <RelatedEBRPS>
        <EBRID>010333112400000001</EBRID>
      </RelatedEBRPS>
      <EBRID>060133112420120803</EBRID>
      <EBRName>1292号</EBRName>
      <Longitude>119.49</Longitude>
      <Latitude>28.45</Latitude>
      <Params />
    </EBRDT>
    <EBRDT>
      <RptTime>2018-03-21 15:14:15</RptTime>
      <RptType>Sync</RptType>
      <RelatedEBRPS>
        <EBRID>010333112400000001</EBRID>
      </RelatedEBRPS>
      <EBRID>060133112410021802</EBRID>
      <EBRName>1294号</EBRName>
      <Longitude>119.49</Longitude>
      <Latitude>28.45</Latitude>
      <Params />
    </EBRDT>
    <EBRDT>
      <RptTime>2018-03-21 15:14:15</RptTime>
      <RptType>Sync</RptType>
      <RelatedEBRPS>
        <EBRID>010333112400000001</EBRID>
      </RelatedEBRPS>
      <EBRID>060133112410322404</EBRID>
      <EBRName>1300号</EBRName>
      <Longitude>119.49</Longitude>
      <Latitude>28.45</Latitude>
      <Params />
    </EBRDT>
    <EBRDT>
      <RptTime>2018-03-21 15:14:15</RptTime>
      <RptType>Sync</RptType>
      <RelatedEBRPS>
        <EBRID>010333112400000001</EBRID>
      </RelatedEBRPS>
      <EBRID>060133112420120204</EBRID>
      <EBRName>1301号</EBRName>
      <Longitude>119.49</Longitude>
      <Latitude>28.45</Latitude>
      <Params />
    </EBRDT>
    <EBRDT>
      <RptTime>2018-03-21 15:14:15</RptTime>
      <RptType>Sync</RptType>
      <RelatedEBRPS>
        <EBRID>010333112400000001</EBRID>
      </RelatedEBRPS>
      <EBRID>060133112420420205</EBRID>
      <EBRName>1306号</EBRName>
      <Longitude>119.49</Longitude>
      <Latitude>28.45</Latitude>
      <Params />
    </EBRDT>
    <EBRDT>
      <RptTime>2018-03-21 15:14:15</RptTime>
      <RptType>Sync</RptType>
      <RelatedEBRPS>
        <EBRID>010333112400000001</EBRID>
      </RelatedEBRPS>
      <EBRID>060133112421020202</EBRID>
      <EBRName>1307号</EBRName>
      <Longitude>119.49</Longitude>
      <Latitude>28.45</Latitude>
      <Params />
    </EBRDT>
    <EBRDT>
      <RptTime>2018-03-21 15:14:15</RptTime>
      <RptType>Sync</RptType>
      <RelatedEBRPS>
        <EBRID>010333112400000001</EBRID>
      </RelatedEBRPS>
      <EBRID>060133112420021804</EBRID>
      <EBRName>1310号</EBRName>
      <Longitude>119.49</Longitude>
      <Latitude>28.45</Latitude>
      <Params />
    </EBRDT>
    <EBRDT>
      <RptTime>2018-03-21 15:14:15</RptTime>
      <RptType>Sync</RptType>
      <RelatedEBRPS>
        <EBRID>010333112400000001</EBRID>
      </RelatedEBRPS>
      <EBRID>060133112421121307</EBRID>
      <EBRName>1311号</EBRName>
      <Longitude>119.49</Longitude>
      <Latitude>28.45</Latitude>
      <Params />
    </EBRDT>
    <EBRDT>
      <RptTime>2018-03-21 15:14:15</RptTime>
      <RptType>Sync</RptType>
      <RelatedEBRPS>
        <EBRID>010333112400000001</EBRID>
      </RelatedEBRPS>
      <EBRID>060133112421020203</EBRID>
      <EBRName>1312号</EBRName>
      <Longitude>119.49</Longitude>
      <Latitude>28.45</Latitude>
      <Params />
    </EBRDT>
    <EBRDT>
      <RptTime>2018-03-21 15:14:15</RptTime>
      <RptType>Sync</RptType>
      <RelatedEBRPS>
        <EBRID>010333112400000001</EBRID>
      </RelatedEBRPS>
      <EBRID>060133112421121308</EBRID>
      <EBRName>1313号</EBRName>
      <Longitude>119.49</Longitude>
      <Latitude>28.45</Latitude>
      <Params />
    </EBRDT>
    <EBRDT>
      <RptTime>2018-03-21 15:14:15</RptTime>
      <RptType>Sync</RptType>
      <RelatedEBRPS>
        <EBRID>010333112400000001</EBRID>
      </RelatedEBRPS>
      <EBRID>060133112420021502</EBRID>
      <EBRName>1316号</EBRName>
      <Longitude>119.49</Longitude>
      <Latitude>28.45</Latitude>
      <Params />
    </EBRDT>
    <EBRDT>
      <RptTime>2018-03-21 15:14:15</RptTime>
      <RptType>Sync</RptType>
      <RelatedEBRPS>
        <EBRID>010333112400000001</EBRID>
      </RelatedEBRPS>
      <EBRID>060133112421121309</EBRID>
      <EBRName>1318号</EBRName>
      <Longitude>119.49</Longitude>
      <Latitude>28.45</Latitude>
      <Params />
    </EBRDT>
    <EBRDT>
      <RptTime>2018-03-21 15:14:15</RptTime>
      <RptType>Sync</RptType>
      <RelatedEBRPS>
        <EBRID>010333112400000001</EBRID>
      </RelatedEBRPS>
      <EBRID>060133112421121205</EBRID>
      <EBRName>1319号</EBRName>
      <Longitude>119.49</Longitude>
      <Latitude>28.45</Latitude>
      <Params />
    </EBRDT>
    <EBRDT>
      <RptTime>2018-03-21 15:14:15</RptTime>
      <RptType>Sync</RptType>
      <RelatedEBRPS>
        <EBRID>010333112400000001</EBRID>
      </RelatedEBRPS>
      <EBRID>060133112421121206</EBRID>
      <EBRName>1320号</EBRName>
      <Longitude>119.49</Longitude>
      <Latitude>28.45</Latitude>
      <Params />
    </EBRDT>
    <EBRDT>
      <RptTime>2018-03-21 15:14:15</RptTime>
      <RptType>Sync</RptType>
      <RelatedEBRPS>
        <EBRID>010333112400000001</EBRID>
      </RelatedEBRPS>
      <EBRID>060133112410221607</EBRID>
      <EBRName>1757号</EBRName>
      <Longitude>119.49</Longitude>
      <Latitude>28.45</Latitude>
      <Params />
    </EBRDT>
    <EBRDT>
      <RptTime>2018-03-21 15:14:15</RptTime>
      <RptType>Sync</RptType>
      <RelatedEBRPS>
        <EBRID>010333112400000001</EBRID>
      </RelatedEBRPS>
      <EBRID>060133112420721603</EBRID>
      <EBRName>1325号</EBRName>
      <Longitude>119.49</Longitude>
      <Latitude>28.45</Latitude>
      <Params />
    </EBRDT>
    <EBRDT>
      <RptTime>2018-03-21 15:14:15</RptTime>
      <RptType>Sync</RptType>
      <RelatedEBRPS>
        <EBRID>010333112400000001</EBRID>
      </RelatedEBRPS>
      <EBRID>060133112410023604</EBRID>
      <EBRName>1335号</EBRName>
      <Longitude>119.49</Longitude>
      <Latitude>28.45</Latitude>
      <Params />
    </EBRDT>
    <EBRDT>
      <RptTime>2018-03-21 15:14:15</RptTime>
      <RptType>Sync</RptType>
      <RelatedEBRPS>
        <EBRID>010333112400000001</EBRID>
      </RelatedEBRPS>
      <EBRID>060133112420721606</EBRID>
      <EBRName>1336号</EBRName>
      <Longitude>119.49</Longitude>
      <Latitude>28.45</Latitude>
      <Params />
    </EBRDT>
    <EBRDT>
      <RptTime>2018-03-21 15:14:15</RptTime>
      <RptType>Sync</RptType>
      <RelatedEBRPS>
        <EBRID>010333112400000001</EBRID>
      </RelatedEBRPS>
      <EBRID>060133112410322407</EBRID>
      <EBRName>1337号</EBRName>
      <Longitude>119.49</Longitude>
      <Latitude>28.45</Latitude>
      <Params />
    </EBRDT>
    <EBRDT>
      <RptTime>2018-03-21 15:14:15</RptTime>
      <RptType>Sync</RptType>
      <RelatedEBRPS>
        <EBRID>010333112400000001</EBRID>
      </RelatedEBRPS>
      <EBRID>060133112410023904</EBRID>
      <EBRName>1256号</EBRName>
      <Longitude>119.49</Longitude>
      <Latitude>28.45</Latitude>
      <Params />
    </EBRDT>
    <EBRDT>
      <RptTime>2018-03-21 15:14:15</RptTime>
      <RptType>Sync</RptType>
      <RelatedEBRPS>
        <EBRID>010333112400000001</EBRID>
      </RelatedEBRPS>
      <EBRID>060133112400123305</EBRID>
      <EBRName>1270号</EBRName>
      <Longitude>119.49</Longitude>
      <Latitude>28.45</Latitude>
      <Params />
    </EBRDT>
    <EBRDT>
      <RptTime>2018-03-21 15:14:15</RptTime>
      <RptType>Sync</RptType>
      <RelatedEBRPS>
        <EBRID>010333112400000001</EBRID>
      </RelatedEBRPS>
      <EBRID>060133112421320002</EBRID>
      <EBRName>1271号</EBRName>
      <Longitude>119.49</Longitude>
      <Latitude>28.45</Latitude>
      <Params />
    </EBRDT>
    <EBRDT>
      <RptTime>2018-03-21 15:14:15</RptTime>
      <RptType>Sync</RptType>
      <RelatedEBRPS>
        <EBRID>010333112400000001</EBRID>
      </RelatedEBRPS>
      <EBRID>060133112421320103</EBRID>
      <EBRName>1272号</EBRName>
      <Longitude>119.49</Longitude>
      <Latitude>28.45</Latitude>
      <Params />
    </EBRDT>
    <EBRDT>
      <RptTime>2018-03-21 15:14:15</RptTime>
      <RptType>Sync</RptType>
      <RelatedEBRPS>
        <EBRID>010333112400000001</EBRID>
      </RelatedEBRPS>
      <EBRID>060133112421121102</EBRID>
      <EBRName>1273号</EBRName>
      <Longitude>119.49</Longitude>
      <Latitude>28.45</Latitude>
      <Params />
    </EBRDT>
    <EBRDT>
      <RptTime>2018-03-21 15:14:15</RptTime>
      <RptType>Sync</RptType>
      <RelatedEBRPS>
        <EBRID>010333112400000001</EBRID>
      </RelatedEBRPS>
      <EBRID>060133112421121103</EBRID>
      <EBRName>1274号</EBRName>
      <Longitude>119.49</Longitude>
      <Latitude>28.45</Latitude>
      <Params />
    </EBRDT>
    <EBRDT>
      <RptTime>2018-03-21 15:14:15</RptTime>
      <RptType>Sync</RptType>
      <RelatedEBRPS>
        <EBRID>010333112400000001</EBRID>
      </RelatedEBRPS>
      <EBRID>060133112421120212</EBRID>
      <EBRName>1276号</EBRName>
      <Longitude>119.49</Longitude>
      <Latitude>28.45</Latitude>
      <Params />
    </EBRDT>
    <EBRDT>
      <RptTime>2018-03-21 15:14:15</RptTime>
      <RptType>Sync</RptType>
      <RelatedEBRPS>
        <EBRID>010333112400000001</EBRID>
      </RelatedEBRPS>
      <EBRID>060133112421320104</EBRID>
      <EBRName>1277号</EBRName>
      <Longitude>119.49</Longitude>
      <Latitude>28.45</Latitude>
      <Params />
    </EBRDT>
    <EBRDT>
      <RptTime>2018-03-21 15:14:15</RptTime>
      <RptType>Sync</RptType>
      <RelatedEBRPS>
        <EBRID>010333112400000001</EBRID>
      </RelatedEBRPS>
      <EBRID>060133112420720102</EBRID>
      <EBRName>1278号</EBRName>
      <Longitude>119.49</Longitude>
      <Latitude>28.45</Latitude>
      <Params />
    </EBRDT>
    <EBRDT>
      <RptTime>2018-03-21 15:14:15</RptTime>
      <RptType>Sync</RptType>
      <RelatedEBRPS>
        <EBRID>010333112400000001</EBRID>
      </RelatedEBRPS>
      <EBRID>060133112421321006</EBRID>
      <EBRName>1285号</EBRName>
      <Longitude>119.49</Longitude>
      <Latitude>28.45</Latitude>
      <Params />
    </EBRDT>
    <EBRDT>
      <RptTime>2018-03-21 15:14:15</RptTime>
      <RptType>Sync</RptType>
      <RelatedEBRPS>
        <EBRID>010333112400000001</EBRID>
      </RelatedEBRPS>
      <EBRID>060133112421121302</EBRID>
      <EBRName>1290号</EBRName>
      <Longitude>119.49</Longitude>
      <Latitude>28.45</Latitude>
      <Params />
    </EBRDT>
    <EBRDT>
      <RptTime>2018-03-21 15:14:15</RptTime>
      <RptType>Sync</RptType>
      <RelatedEBRPS>
        <EBRID>010333112400000001</EBRID>
      </RelatedEBRPS>
      <EBRID>060133112421121303</EBRID>
      <EBRName>1293号</EBRName>
      <Longitude>119.49</Longitude>
      <Latitude>28.45</Latitude>
      <Params />
    </EBRDT>
    <EBRDT>
      <RptTime>2018-03-21 15:14:15</RptTime>
      <RptType>Sync</RptType>
      <RelatedEBRPS>
        <EBRID>010333112400000001</EBRID>
      </RelatedEBRPS>
      <EBRID>060133112410222003</EBRID>
      <EBRName>1295号</EBRName>
      <Longitude>119.49</Longitude>
      <Latitude>28.45</Latitude>
      <Params />
    </EBRDT>
    <EBRDT>
      <RptTime>2018-03-21 15:14:15</RptTime>
      <RptType>Sync</RptType>
      <RelatedEBRPS>
        <EBRID>010333112400000001</EBRID>
      </RelatedEBRPS>
      <EBRID>060133112420120407</EBRID>
      <EBRName>1299号</EBRName>
      <Longitude>119.49</Longitude>
      <Latitude>28.45</Latitude>
      <Params />
    </EBRDT>
    <EBRDT>
      <RptTime>2018-03-21 15:14:15</RptTime>
      <RptType>Sync</RptType>
      <RelatedEBRPS>
        <EBRID>010333112400000001</EBRID>
      </RelatedEBRPS>
      <EBRID>060133112420420203</EBRID>
      <EBRName>1302号</EBRName>
      <Longitude>119.49</Longitude>
      <Latitude>28.45</Latitude>
      <Params />
    </EBRDT>
    <EBRDT>
      <RptTime>2018-03-21 15:14:15</RptTime>
      <RptType>Sync</RptType>
      <RelatedEBRPS>
        <EBRID>010333112400000001</EBRID>
      </RelatedEBRPS>
      <EBRID>060133112421121310</EBRID>
      <EBRName>1303号</EBRName>
      <Longitude>119.49</Longitude>
      <Latitude>28.45</Latitude>
      <Params />
    </EBRDT>
    <EBRDT>
      <RptTime>2018-03-21 15:14:15</RptTime>
      <RptType>Sync</RptType>
      <RelatedEBRPS>
        <EBRID>010333112400000001</EBRID>
      </RelatedEBRPS>
      <EBRID>060133112421121304</EBRID>
      <EBRName>1305号</EBRName>
      <Longitude>119.49</Longitude>
      <Latitude>28.45</Latitude>
      <Params />
    </EBRDT>
    <EBRDT>
      <RptTime>2018-03-21 15:14:15</RptTime>
      <RptType>Sync</RptType>
      <RelatedEBRPS>
        <EBRID>010333112400000001</EBRID>
      </RelatedEBRPS>
      <EBRID>060133112421121305</EBRID>
      <EBRName>1308号</EBRName>
      <Longitude>119.49</Longitude>
      <Latitude>28.45</Latitude>
      <Params />
    </EBRDT>
    <EBRDT>
      <RptTime>2018-03-21 15:14:15</RptTime>
      <RptType>Sync</RptType>
      <RelatedEBRPS>
        <EBRID>010333112400000001</EBRID>
      </RelatedEBRPS>
      <EBRID>060133112421121306</EBRID>
      <EBRName>1309号</EBRName>
      <Longitude>119.49</Longitude>
      <Latitude>28.45</Latitude>
      <Params />
    </EBRDT>
    <EBRDT>
      <RptTime>2018-03-21 15:14:15</RptTime>
      <RptType>Sync</RptType>
      <RelatedEBRPS>
        <EBRID>010333112400000001</EBRID>
      </RelatedEBRPS>
      <EBRID>060133112410122008</EBRID>
      <EBRName>1599号</EBRName>
      <Longitude>119.49</Longitude>
      <Latitude>28.45</Latitude>
      <Params />
    </EBRDT>
    <EBRDT>
      <RptTime>2018-03-21 15:14:15</RptTime>
      <RptType>Sync</RptType>
      <RelatedEBRPS>
        <EBRID>010333112400000001</EBRID>
      </RelatedEBRPS>
      <EBRID>060133112421121207</EBRID>
      <EBRName>1322号</EBRName>
      <Longitude>119.49</Longitude>
      <Latitude>28.45</Latitude>
      <Params />
    </EBRDT>
    <EBRDT>
      <RptTime>2018-03-21 15:14:15</RptTime>
      <RptType>Sync</RptType>
      <RelatedEBRPS>
        <EBRID>010333112400000001</EBRID>
      </RelatedEBRPS>
      <EBRID>060133112421121208</EBRID>
      <EBRName>1323号</EBRName>
      <Longitude>119.49</Longitude>
      <Latitude>28.45</Latitude>
      <Params />
    </EBRDT>
    <EBRDT>
      <RptTime>2018-03-21 15:14:15</RptTime>
      <RptType>Sync</RptType>
      <RelatedEBRPS>
        <EBRID>010333112400000001</EBRID>
      </RelatedEBRPS>
      <EBRID>060133112421121403</EBRID>
      <EBRName>1327号</EBRName>
      <Longitude>119.49</Longitude>
      <Latitude>28.45</Latitude>
      <Params />
    </EBRDT>
    <EBRDT>
      <RptTime>2018-03-21 15:14:15</RptTime>
      <RptType>Sync</RptType>
      <RelatedEBRPS>
        <EBRID>010333112400000001</EBRID>
      </RelatedEBRPS>
      <EBRID>060133112421020304</EBRID>
      <EBRName>1328号</EBRName>
      <Longitude>119.49</Longitude>
      <Latitude>28.45</Latitude>
      <Params />
    </EBRDT>
    <EBRDT>
      <RptTime>2018-03-21 15:14:15</RptTime>
      <RptType>Sync</RptType>
      <RelatedEBRPS>
        <EBRID>010333112400000001</EBRID>
      </RelatedEBRPS>
      <EBRID>060133112420721604</EBRID>
      <EBRName>1329号</EBRName>
      <Longitude>119.49</Longitude>
      <Latitude>28.45</Latitude>
      <Params />
    </EBRDT>
    <EBRDT>
      <RptTime>2018-03-21 15:14:15</RptTime>
      <RptType>Sync</RptType>
      <RelatedEBRPS>
        <EBRID>010333112400000001</EBRID>
      </RelatedEBRPS>
      <EBRID>060133112410322405</EBRID>
      <EBRName>1330号</EBRName>
      <Longitude>119.49</Longitude>
      <Latitude>28.45</Latitude>
      <Params />
    </EBRDT>
    <EBRDT>
      <RptTime>2018-03-21 15:14:15</RptTime>
      <RptType>Sync</RptType>
      <RelatedEBRPS>
        <EBRID>010333112400000001</EBRID>
      </RelatedEBRPS>
      <EBRID>060133112410023602</EBRID>
      <EBRName>1331号</EBRName>
      <Longitude>119.49</Longitude>
      <Latitude>28.45</Latitude>
      <Params />
    </EBRDT>
    <EBRDT>
      <RptTime>2018-03-21 15:14:15</RptTime>
      <RptType>Sync</RptType>
      <RelatedEBRPS>
        <EBRID>010333112400000001</EBRID>
      </RelatedEBRPS>
      <EBRID>060133112420721605</EBRID>
      <EBRName>1332号</EBRName>
      <Longitude>119.49</Longitude>
      <Latitude>28.45</Latitude>
      <Params />
    </EBRDT>
    <EBRDT>
      <RptTime>2018-03-21 15:14:15</RptTime>
      <RptType>Sync</RptType>
      <RelatedEBRPS>
        <EBRID>010333112400000001</EBRID>
      </RelatedEBRPS>
      <EBRID>060133112410023603</EBRID>
      <EBRName>1333号</EBRName>
      <Longitude>119.49</Longitude>
      <Latitude>28.45</Latitude>
      <Params />
    </EBRDT>
    <EBRDT>
      <RptTime>2018-03-21 15:14:15</RptTime>
      <RptType>Sync</RptType>
      <RelatedEBRPS>
        <EBRID>010333112400000001</EBRID>
      </RelatedEBRPS>
      <EBRID>060133112420120205</EBRID>
      <EBRName>1342号</EBRName>
      <Longitude>119.49</Longitude>
      <Latitude>28.45</Latitude>
      <Params />
    </EBRDT>
    <EBRDT>
      <RptTime>2018-03-21 15:14:15</RptTime>
      <RptType>Sync</RptType>
      <RelatedEBRPS>
        <EBRID>010333112400000001</EBRID>
      </RelatedEBRPS>
      <EBRID>060133112410322203</EBRID>
      <EBRName>1343号</EBRName>
      <Longitude>119.49</Longitude>
      <Latitude>28.45</Latitude>
      <Params />
    </EBRDT>
    <EBRDT>
      <RptTime>2018-03-21 15:14:15</RptTime>
      <RptType>Sync</RptType>
      <RelatedEBRPS>
        <EBRID>010333112400000001</EBRID>
      </RelatedEBRPS>
      <EBRID>060133112410122803</EBRID>
      <EBRName>1344号</EBRName>
      <Longitude>119.49</Longitude>
      <Latitude>28.45</Latitude>
      <Params />
    </EBRDT>
    <EBRDT>
      <RptTime>2018-03-21 15:14:15</RptTime>
      <RptType>Sync</RptType>
      <RelatedEBRPS>
        <EBRID>010333112400000001</EBRID>
      </RelatedEBRPS>
      <EBRID>060133112420120408</EBRID>
      <EBRName>1347号</EBRName>
      <Longitude>119.49</Longitude>
      <Latitude>28.45</Latitude>
      <Params />
    </EBRDT>
    <EBRDT>
      <RptTime>2018-03-21 15:14:15</RptTime>
      <RptType>Sync</RptType>
      <RelatedEBRPS>
        <EBRID>010333112400000001</EBRID>
      </RelatedEBRPS>
      <EBRID>060133112421121503</EBRID>
      <EBRName>1349号</EBRName>
      <Longitude>119.49</Longitude>
      <Latitude>28.45</Latitude>
      <Params />
    </EBRDT>
    <EBRDT>
      <RptTime>2018-03-21 15:14:15</RptTime>
      <RptType>Sync</RptType>
      <RelatedEBRPS>
        <EBRID>010333112400000001</EBRID>
      </RelatedEBRPS>
      <EBRID>060133112420620302</EBRID>
      <EBRName>1351号</EBRName>
      <Longitude>119.49</Longitude>
      <Latitude>28.45</Latitude>
      <Params />
    </EBRDT>
  </EBRDTInfo>
  <Params>
    <RPTStartTime>2018-03-21 15:14:15</RPTStartTime>
    <RPTEndTime>2018-03-21 15:14:15</RPTEndTime>
    <RptType>
    </RptType>
  </Params>
</EBD>
