<?xml version="1.0" encoding="utf-8"?>
<EBD xmlns:xs="http://www.w3.org/2001/XMLSchema">
  <EBDVersion>1.0</EBDVersion>
  <EBDID>100103331124000000010000000000000889</EBDID>
  <EBDType>EBRDTInfo</EBDType>
  <SRC>
    <EBRID>010333112400000001</EBRID>
  </SRC>
  <EBDTime>2018-03-21 15:14:09</EBDTime>
  <EBRDTInfo>
    <EBRDT>
      <RptTime>2018-03-21 15:14:09</RptTime>
      <RptType>Sync</RptType>
      <RelatedEBRPS>
        <EBRID>010333112400000001</EBRID>
      </RelatedEBRPS>
      <EBRID>060133112421120803</EBRID>
      <EBRName>989号</EBRName>
      <Longitude>119.49</Longitude>
      <Latitude>28.45</Latitude>
      <Params />
    </EBRDT>
    <EBRDT>
      <RptTime>2018-03-21 15:14:09</RptTime>
      <RptType>Sync</RptType>
      <RelatedEBRPS>
        <EBRID>010333112400000001</EBRID>
      </RelatedEBRPS>
      <EBRID>060133112420821604</EBRID>
      <EBRName>991号</EBRName>
      <Longitude>119.49</Longitude>
      <Latitude>28.45</Latitude>
      <Params />
    </EBRDT>
    <EBRDT>
      <RptTime>2018-03-21 15:14:09</RptTime>
      <RptType>Sync</RptType>
      <RelatedEBRPS>
        <EBRID>010333112400000001</EBRID>
      </RelatedEBRPS>
      <EBRID>060133112410000414</EBRID>
      <EBRName>1805号</EBRName>
      <Longitude>119.49</Longitude>
      <Latitude>28.45</Latitude>
      <Params />
    </EBRDT>
    <EBRDT>
      <RptTime>2018-03-21 15:14:09</RptTime>
      <RptType>Sync</RptType>
      <RelatedEBRPS>
        <EBRID>010333112400000001</EBRID>
      </RelatedEBRPS>
      <EBRID>060133112420420402</EBRID>
      <EBRName>999号</EBRName>
      <Longitude>119.49</Longitude>
      <Latitude>28.45</Latitude>
      <Params />
    </EBRDT>
    <EBRDT>
      <RptTime>2018-03-21 15:14:09</RptTime>
      <RptType>Sync</RptType>
      <RelatedEBRPS>
        <EBRID>010333112400000001</EBRID>
      </RelatedEBRPS>
      <EBRID>060133112420721102</EBRID>
      <EBRName>858号</EBRName>
      <Longitude>119.49</Longitude>
      <Latitude>28.45</Latitude>
      <Params />
    </EBRDT>
    <EBRDT>
      <RptTime>2018-03-21 15:14:09</RptTime>
      <RptType>Sync</RptType>
      <RelatedEBRPS>
        <EBRID>010333112400000001</EBRID>
      </RelatedEBRPS>
      <EBRID>060133112410420910</EBRID>
      <EBRName>1609号</EBRName>
      <Longitude>119.49</Longitude>
      <Latitude>28.45</Latitude>
      <Params />
    </EBRDT>
    <EBRDT>
      <RptTime>2018-03-21 15:14:09</RptTime>
      <RptType>Sync</RptType>
      <RelatedEBRPS>
        <EBRID>010333112400000001</EBRID>
      </RelatedEBRPS>
      <EBRID>060133112420721402</EBRID>
      <EBRName>865号</EBRName>
      <Longitude>119.49</Longitude>
      <Latitude>28.45</Latitude>
      <Params />
    </EBRDT>
    <EBRDT>
      <RptTime>2018-03-21 15:14:09</RptTime>
      <RptType>Sync</RptType>
      <RelatedEBRPS>
        <EBRID>010333112400000001</EBRID>
      </RelatedEBRPS>
      <EBRID>060133112420720103</EBRID>
      <EBRName>1733号</EBRName>
      <Longitude>119.49</Longitude>
      <Latitude>28.45</Latitude>
      <Params />
    </EBRDT>
    <EBRDT>
      <RptTime>2018-03-21 15:14:09</RptTime>
      <RptType>Sync</RptType>
      <RelatedEBRPS>
        <EBRID>010333112400000001</EBRID>
      </RelatedEBRPS>
      <EBRID>060133112420020705</EBRID>
      <EBRName>1774号</EBRName>
      <Longitude>119.49</Longitude>
      <Latitude>28.45</Latitude>
      <Params />
    </EBRDT>
    <EBRDT>
      <RptTime>2018-03-21 15:14:09</RptTime>
      <RptType>Sync</RptType>
      <RelatedEBRPS>
        <EBRID>010333112400000001</EBRID>
      </RelatedEBRPS>
      <EBRID>060133112420720203</EBRID>
      <EBRName>870号</EBRName>
      <Longitude>119.49</Longitude>
      <Latitude>28.45</Latitude>
      <Params />
    </EBRDT>
    <EBRDT>
      <RptTime>2018-03-21 15:14:09</RptTime>
      <RptType>Sync</RptType>
      <RelatedEBRPS>
        <EBRID>010333112400000001</EBRID>
      </RelatedEBRPS>
      <EBRID>060133112410524302</EBRID>
      <EBRName>879号</EBRName>
      <Longitude>119.49</Longitude>
      <Latitude>28.45</Latitude>
      <Params />
    </EBRDT>
    <EBRDT>
      <RptTime>2018-03-21 15:14:09</RptTime>
      <RptType>Sync</RptType>
      <RelatedEBRPS>
        <EBRID>010333112400000001</EBRID>
      </RelatedEBRPS>
      <EBRID>060133112420620702</EBRID>
      <EBRName>881号</EBRName>
      <Longitude>119.49</Longitude>
      <Latitude>28.45</Latitude>
      <Params />
    </EBRDT>
    <EBRDT>
      <RptTime>2018-03-21 15:14:09</RptTime>
      <RptType>Sync</RptType>
      <RelatedEBRPS>
        <EBRID>010333112400000001</EBRID>
      </RelatedEBRPS>
      <EBRID>060133112421021105</EBRID>
      <EBRName>1610号</EBRName>
      <Longitude>119.49</Longitude>
      <Latitude>28.45</Latitude>
      <Params />
    </EBRDT>
    <EBRDT>
      <RptTime>2018-03-21 15:14:09</RptTime>
      <RptType>Sync</RptType>
      <RelatedEBRPS>
        <EBRID>010333112400000001</EBRID>
      </RelatedEBRPS>
      <EBRID>060133112421020702</EBRID>
      <EBRName>889号</EBRName>
      <Longitude>119.49</Longitude>
      <Latitude>28.45</Latitude>
      <Params />
    </EBRDT>
    <EBRDT>
      <RptTime>2018-03-21 15:14:09</RptTime>
      <RptType>Sync</RptType>
      <RelatedEBRPS>
        <EBRID>010333112400000001</EBRID>
      </RelatedEBRPS>
      <EBRID>060133112420420404</EBRID>
      <EBRName>1776号</EBRName>
      <Longitude>119.49</Longitude>
      <Latitude>28.45</Latitude>
      <Params />
    </EBRDT>
    <EBRDT>
      <RptTime>2018-03-21 15:14:09</RptTime>
      <RptType>Sync</RptType>
      <RelatedEBRPS>
        <EBRID>010333112400000001</EBRID>
      </RelatedEBRPS>
      <EBRID>060133112410422906</EBRID>
      <EBRName>911号</EBRName>
      <Longitude>119.49</Longitude>
      <Latitude>28.45</Latitude>
      <Params />
    </EBRDT>
    <EBRDT>
      <RptTime>2018-03-21 15:14:09</RptTime>
      <RptType>Sync</RptType>
      <RelatedEBRPS>
        <EBRID>010333112400000001</EBRID>
      </RelatedEBRPS>
      <EBRID>060133112410024702</EBRID>
      <EBRName>934号</EBRName>
      <Longitude>119.49</Longitude>
      <Latitude>28.45</Latitude>
      <Params />
    </EBRDT>
    <EBRDT>
      <RptTime>2018-03-21 15:14:09</RptTime>
      <RptType>Sync</RptType>
      <RelatedEBRPS>
        <EBRID>010333112400000001</EBRID>
      </RelatedEBRPS>
      <EBRID>060133112421120210</EBRID>
      <EBRName>966号</EBRName>
      <Longitude>119.49</Longitude>
      <Latitude>28.45</Latitude>
      <Params />
    </EBRDT>
    <EBRDT>
      <RptTime>2018-03-21 15:14:09</RptTime>
      <RptType>Sync</RptType>
      <RelatedEBRPS>
        <EBRID>010333112400000001</EBRID>
      </RelatedEBRPS>
      <EBRID>060133112420420802</EBRID>
      <EBRName>976号</EBRName>
      <Longitude>119.49</Longitude>
      <Latitude>28.45</Latitude>
      <Params />
    </EBRDT>
    <EBRDT>
      <RptTime>2018-03-21 15:14:09</RptTime>
      <RptType>Sync</RptType>
      <RelatedEBRPS>
        <EBRID>010333112400000001</EBRID>
      </RelatedEBRPS>
      <EBRID>060133112420420602</EBRID>
      <EBRName>988号</EBRName>
      <Longitude>119.49</Longitude>
      <Latitude>28.45</Latitude>
      <Params />
    </EBRDT>
    <EBRDT>
      <RptTime>2018-03-21 15:14:09</RptTime>
      <RptType>Sync</RptType>
      <RelatedEBRPS>
        <EBRID>010333112400000001</EBRID>
      </RelatedEBRPS>
      <EBRID>060133112410023202</EBRID>
      <EBRName>990号</EBRName>
      <Longitude>119.49</Longitude>
      <Latitude>28.45</Latitude>
      <Params />
    </EBRDT>
    <EBRDT>
      <RptTime>2018-03-21 15:14:09</RptTime>
      <RptType>Sync</RptType>
      <RelatedEBRPS>
        <EBRID>010333112400000001</EBRID>
      </RelatedEBRPS>
      <EBRID>060133112420120206</EBRID>
      <EBRName>1777号</EBRName>
      <Longitude>119.49</Longitude>
      <Latitude>28.45</Latitude>
      <Params />
    </EBRDT>
    <EBRDT>
      <RptTime>2018-03-21 15:14:09</RptTime>
      <RptType>Sync</RptType>
      <RelatedEBRPS>
        <EBRID>010333112400000001</EBRID>
      </RelatedEBRPS>
      <EBRID>060133112420520003</EBRID>
      <EBRName>1837号</EBRName>
      <Longitude>119.49</Longitude>
      <Latitude>28.45</Latitude>
      <Params />
    </EBRDT>
    <EBRDT>
      <RptTime>2018-03-21 15:14:09</RptTime>
      <RptType>Sync</RptType>
      <RelatedEBRPS>
        <EBRID>010333112400000001</EBRID>
      </RelatedEBRPS>
      <EBRID>060133112420820203</EBRID>
      <EBRName>1013号</EBRName>
      <Longitude>119.49</Longitude>
      <Latitude>28.45</Latitude>
      <Params />
    </EBRDT>
    <EBRDT>
      <RptTime>2018-03-21 15:14:09</RptTime>
      <RptType>Sync</RptType>
      <RelatedEBRPS>
        <EBRID>010333112400000001</EBRID>
      </RelatedEBRPS>
      <EBRID>060133112420820302</EBRID>
      <EBRName>1026号</EBRName>
      <Longitude>119.49</Longitude>
      <Latitude>28.45</Latitude>
      <Params />
    </EBRDT>
    <EBRDT>
      <RptTime>2018-03-21 15:14:09</RptTime>
      <RptType>Sync</RptType>
      <RelatedEBRPS>
        <EBRID>010333112400000001</EBRID>
      </RelatedEBRPS>
      <EBRID>060133112420220002</EBRID>
      <EBRName>1027号</EBRName>
      <Longitude>119.49</Longitude>
      <Latitude>28.45</Latitude>
      <Params />
    </EBRDT>
    <EBRDT>
      <RptTime>2018-03-21 15:14:09</RptTime>
      <RptType>Sync</RptType>
      <RelatedEBRPS>
        <EBRID>010333112400000001</EBRID>
      </RelatedEBRPS>
      <EBRID>060133112420420302</EBRID>
      <EBRName>1031号</EBRName>
      <Longitude>119.49</Longitude>
      <Latitude>28.45</Latitude>
      <Params />
    </EBRDT>
    <EBRDT>
      <RptTime>2018-03-21 15:14:09</RptTime>
      <RptType>Sync</RptType>
      <RelatedEBRPS>
        <EBRID>010333112400000001</EBRID>
      </RelatedEBRPS>
      <EBRID>060133112420721708</EBRID>
      <EBRName>1646号</EBRName>
      <Longitude>119.49</Longitude>
      <Latitude>28.45</Latitude>
      <Params />
    </EBRDT>
    <EBRDT>
      <RptTime>2018-03-21 15:14:09</RptTime>
      <RptType>Sync</RptType>
      <RelatedEBRPS>
        <EBRID>010333112400000001</EBRID>
      </RelatedEBRPS>
      <EBRID>060133112420220805</EBRID>
      <EBRName>1787号</EBRName>
      <Longitude>119.49</Longitude>
      <Latitude>28.45</Latitude>
      <Params />
    </EBRDT>
    <EBRDT>
      <RptTime>2018-03-21 15:14:09</RptTime>
      <RptType>Sync</RptType>
      <RelatedEBRPS>
        <EBRID>010333112400000001</EBRID>
      </RelatedEBRPS>
      <EBRID>060133112420420001</EBRID>
      <EBRName>1049号</EBRName>
      <Longitude>119.49</Longitude>
      <Latitude>28.45</Latitude>
      <Params />
    </EBRDT>
    <EBRDT>
      <RptTime>2018-03-21 15:14:09</RptTime>
      <RptType>Sync</RptType>
      <RelatedEBRPS>
        <EBRID>010333112400000001</EBRID>
      </RelatedEBRPS>
      <EBRID>060133112420821703</EBRID>
      <EBRName>1053号</EBRName>
      <Longitude>119.49</Longitude>
      <Latitude>28.45</Latitude>
      <Params />
    </EBRDT>
    <EBRDT>
      <RptTime>2018-03-21 15:14:09</RptTime>
      <RptType>Sync</RptType>
      <RelatedEBRPS>
        <EBRID>010333112400000001</EBRID>
      </RelatedEBRPS>
      <EBRID>060133112420820207</EBRID>
      <EBRName>1061号</EBRName>
      <Longitude>119.49</Longitude>
      <Latitude>28.45</Latitude>
      <Params />
    </EBRDT>
    <EBRDT>
      <RptTime>2018-03-21 15:14:09</RptTime>
      <RptType>Sync</RptType>
      <RelatedEBRPS>
        <EBRID>010333112400000001</EBRID>
      </RelatedEBRPS>
      <EBRID>060133112420021902</EBRID>
      <EBRName>1066号</EBRName>
      <Longitude>119.49</Longitude>
      <Latitude>28.45</Latitude>
      <Params />
    </EBRDT>
    <EBRDT>
      <RptTime>2018-03-21 15:14:09</RptTime>
      <RptType>Sync</RptType>
      <RelatedEBRPS>
        <EBRID>010333112400000001</EBRID>
      </RelatedEBRPS>
      <EBRID>060133112420121503</EBRID>
      <EBRName>1067号</EBRName>
      <Longitude>119.49</Longitude>
      <Latitude>28.45</Latitude>
      <Params />
    </EBRDT>
    <EBRDT>
      <RptTime>2018-03-21 15:14:09</RptTime>
      <RptType>Sync</RptType>
      <RelatedEBRPS>
        <EBRID>010333112400000001</EBRID>
      </RelatedEBRPS>
      <EBRID>060133112410323102</EBRID>
      <EBRName>1069号</EBRName>
      <Longitude>119.49</Longitude>
      <Latitude>28.45</Latitude>
      <Params />
    </EBRDT>
    <EBRDT>
      <RptTime>2018-03-21 15:14:09</RptTime>
      <RptType>Sync</RptType>
      <RelatedEBRPS>
        <EBRID>010333112400000001</EBRID>
      </RelatedEBRPS>
      <EBRID>060133112421020805</EBRID>
      <EBRName>1842号</EBRName>
      <Longitude>119.49</Longitude>
      <Latitude>28.45</Latitude>
      <Params />
    </EBRDT>
    <EBRDT>
      <RptTime>2018-03-21 15:14:09</RptTime>
      <RptType>Sync</RptType>
      <RelatedEBRPS>
        <EBRID>010333112400000001</EBRID>
      </RelatedEBRPS>
      <EBRID>060133112420820603</EBRID>
      <EBRName>1071号</EBRName>
      <Longitude>119.49</Longitude>
      <Latitude>28.45</Latitude>
      <Params />
    </EBRDT>
    <EBRDT>
      <RptTime>2018-03-21 15:14:09</RptTime>
      <RptType>Sync</RptType>
      <RelatedEBRPS>
        <EBRID>010333112400000001</EBRID>
      </RelatedEBRPS>
      <EBRID>060133112420220804</EBRID>
      <EBRName>1073号</EBRName>
      <Longitude>119.49</Longitude>
      <Latitude>28.45</Latitude>
      <Params />
    </EBRDT>
    <EBRDT>
      <RptTime>2018-03-21 15:14:09</RptTime>
      <RptType>Sync</RptType>
      <RelatedEBRPS>
        <EBRID>010333112400000001</EBRID>
      </RelatedEBRPS>
      <EBRID>060133112421120503</EBRID>
      <EBRName>1074号</EBRName>
      <Longitude>119.49</Longitude>
      <Latitude>28.45</Latitude>
      <Params />
    </EBRDT>
    <EBRDT>
      <RptTime>2018-03-21 15:14:09</RptTime>
      <RptType>Sync</RptType>
      <RelatedEBRPS>
        <EBRID>010333112400000001</EBRID>
      </RelatedEBRPS>
      <EBRID>060133112420721707</EBRID>
      <EBRName>1618号</EBRName>
      <Longitude>119.49</Longitude>
      <Latitude>28.45</Latitude>
      <Params />
    </EBRDT>
    <EBRDT>
      <RptTime>2018-03-21 15:14:09</RptTime>
      <RptType>Sync</RptType>
      <RelatedEBRPS>
        <EBRID>010333112400000001</EBRID>
      </RelatedEBRPS>
      <EBRID>060133112410323202</EBRID>
      <EBRName>1076号</EBRName>
      <Longitude>119.49</Longitude>
      <Latitude>28.45</Latitude>
      <Params />
    </EBRDT>
    <EBRDT>
      <RptTime>2018-03-21 15:14:09</RptTime>
      <RptType>Sync</RptType>
      <RelatedEBRPS>
        <EBRID>010333112400000001</EBRID>
      </RelatedEBRPS>
      <EBRID>060133112421120504</EBRID>
      <EBRName>1077号</EBRName>
      <Longitude>119.49</Longitude>
      <Latitude>28.45</Latitude>
      <Params />
    </EBRDT>
    <EBRDT>
      <RptTime>2018-03-21 15:14:09</RptTime>
      <RptType>Sync</RptType>
      <RelatedEBRPS>
        <EBRID>010333112400000001</EBRID>
      </RelatedEBRPS>
      <EBRID>060133112410322408</EBRID>
      <EBRName>1340号</EBRName>
      <Longitude>119.49</Longitude>
      <Latitude>28.45</Latitude>
      <Params />
    </EBRDT>
    <EBRDT>
      <RptTime>2018-03-21 15:14:09</RptTime>
      <RptType>Sync</RptType>
      <RelatedEBRPS>
        <EBRID>010333112400000001</EBRID>
      </RelatedEBRPS>
      <EBRID>060133112420521003</EBRID>
      <EBRName>1341号</EBRName>
      <Longitude>119.49</Longitude>
      <Latitude>28.45</Latitude>
      <Params />
    </EBRDT>
    <EBRDT>
      <RptTime>2018-03-21 15:14:09</RptTime>
      <RptType>Sync</RptType>
      <RelatedEBRPS>
        <EBRID>010333112400000001</EBRID>
      </RelatedEBRPS>
      <EBRID>060133112421320405</EBRID>
      <EBRName>1732号</EBRName>
      <Longitude>119.49</Longitude>
      <Latitude>28.45</Latitude>
      <Params />
    </EBRDT>
    <EBRDT>
      <RptTime>2018-03-21 15:14:09</RptTime>
      <RptType>Sync</RptType>
      <RelatedEBRPS>
        <EBRID>010333112400000001</EBRID>
      </RelatedEBRPS>
      <EBRID>060133112410120006</EBRID>
      <EBRName>1736号</EBRName>
      <Longitude>119.49</Longitude>
      <Latitude>28.45</Latitude>
      <Params />
    </EBRDT>
    <EBRDT>
      <RptTime>2018-03-21 15:14:09</RptTime>
      <RptType>Sync</RptType>
      <RelatedEBRPS>
        <EBRID>010333112400000001</EBRID>
      </RelatedEBRPS>
      <EBRID>060133112410221603</EBRID>
      <EBRName>1375号</EBRName>
      <Longitude>119.49</Longitude>
      <Latitude>28.45</Latitude>
      <Params />
    </EBRDT>
    <EBRDT>
      <RptTime>2018-03-21 15:14:09</RptTime>
      <RptType>Sync</RptType>
      <RelatedEBRPS>
        <EBRID>010333112400000001</EBRID>
      </RelatedEBRPS>
      <EBRID>060133112421120404</EBRID>
      <EBRName>1565号</EBRName>
      <Longitude>119.49</Longitude>
      <Latitude>28.45</Latitude>
      <Params />
    </EBRDT>
    <EBRDT>
      <RptTime>2018-03-21 15:14:09</RptTime>
      <RptType>Sync</RptType>
      <RelatedEBRPS>
        <EBRID>010333112400000001</EBRID>
      </RelatedEBRPS>
      <EBRID>060133112410221504</EBRID>
      <EBRName>1389号</EBRName>
      <Longitude>119.49</Longitude>
      <Latitude>28.45</Latitude>
      <Params />
    </EBRDT>
    <EBRDT>
      <RptTime>2018-03-21 15:14:09</RptTime>
      <RptType>Sync</RptType>
      <RelatedEBRPS>
        <EBRID>010333112400000001</EBRID>
      </RelatedEBRPS>
      <EBRID>060133112410023103</EBRID>
      <EBRName>1778号</EBRName>
      <Longitude>119.49</Longitude>
      <Latitude>28.45</Latitude>
      <Params />
    </EBRDT>
    <EBRDT>
      <RptTime>2018-03-21 15:14:09</RptTime>
      <RptType>Sync</RptType>
      <RelatedEBRPS>
        <EBRID>010333112400000001</EBRID>
      </RelatedEBRPS>
      <EBRID>060133112420721703</EBRID>
      <EBRName>1391号</EBRName>
      <Longitude>119.49</Longitude>
      <Latitude>28.45</Latitude>
      <Params />
    </EBRDT>
    <EBRDT>
      <RptTime>2018-03-21 15:14:09</RptTime>
      <RptType>Sync</RptType>
      <RelatedEBRPS>
        <EBRID>010333112400000001</EBRID>
      </RelatedEBRPS>
      <EBRID>060133112410221505</EBRID>
      <EBRName>1392号</EBRName>
      <Longitude>119.49</Longitude>
      <Latitude>28.45</Latitude>
      <Params />
    </EBRDT>
    <EBRDT>
      <RptTime>2018-03-21 15:14:09</RptTime>
      <RptType>Sync</RptType>
      <RelatedEBRPS>
        <EBRID>010333112400000001</EBRID>
      </RelatedEBRPS>
      <EBRID>060133112420621102</EBRID>
      <EBRName>1393号</EBRName>
      <Longitude>119.49</Longitude>
      <Latitude>28.45</Latitude>
      <Params />
    </EBRDT>
    <EBRDT>
      <RptTime>2018-03-21 15:14:09</RptTime>
      <RptType>Sync</RptType>
      <RelatedEBRPS>
        <EBRID>010333112400000001</EBRID>
      </RelatedEBRPS>
      <EBRID>060133112420721704</EBRID>
      <EBRName>1394号</EBRName>
      <Longitude>119.49</Longitude>
      <Latitude>28.45</Latitude>
      <Params />
    </EBRDT>
    <EBRDT>
      <RptTime>2018-03-21 15:14:09</RptTime>
      <RptType>Sync</RptType>
      <RelatedEBRPS>
        <EBRID>010333112400000001</EBRID>
      </RelatedEBRPS>
      <EBRID>060133112420721705</EBRID>
      <EBRName>1395号</EBRName>
      <Longitude>119.49</Longitude>
      <Latitude>28.45</Latitude>
      <Params />
    </EBRDT>
    <EBRDT>
      <RptTime>2018-03-21 15:14:09</RptTime>
      <RptType>Sync</RptType>
      <RelatedEBRPS>
        <EBRID>010333112400000001</EBRID>
      </RelatedEBRPS>
      <EBRID>060133112420721706</EBRID>
      <EBRName>1396号</EBRName>
      <Longitude>119.49</Longitude>
      <Latitude>28.45</Latitude>
      <Params />
    </EBRDT>
    <EBRDT>
      <RptTime>2018-03-21 15:14:09</RptTime>
      <RptType>Sync</RptType>
      <RelatedEBRPS>
        <EBRID>010333112400000001</EBRID>
      </RelatedEBRPS>
      <EBRID>060133112410122303</EBRID>
      <EBRName>1400号</EBRName>
      <Longitude>119.49</Longitude>
      <Latitude>28.45</Latitude>
      <Params />
    </EBRDT>
    <EBRDT>
      <RptTime>2018-03-21 15:14:09</RptTime>
      <RptType>Sync</RptType>
      <RelatedEBRPS>
        <EBRID>010333112400000001</EBRID>
      </RelatedEBRPS>
      <EBRID>060133112420621105</EBRID>
      <EBRName>1401号</EBRName>
      <Longitude>119.49</Longitude>
      <Latitude>28.45</Latitude>
      <Params />
    </EBRDT>
    <EBRDT>
      <RptTime>2018-03-21 15:14:09</RptTime>
      <RptType>Sync</RptType>
      <RelatedEBRPS>
        <EBRID>010333112400000001</EBRID>
      </RelatedEBRPS>
      <EBRID>060133112420721503</EBRID>
      <EBRName>1402号</EBRName>
      <Longitude>119.49</Longitude>
      <Latitude>28.45</Latitude>
      <Params />
    </EBRDT>
    <EBRDT>
      <RptTime>2018-03-21 15:14:09</RptTime>
      <RptType>Sync</RptType>
      <RelatedEBRPS>
        <EBRID>010333112400000001</EBRID>
      </RelatedEBRPS>
      <EBRID>060133112420721504</EBRID>
      <EBRName>1403号</EBRName>
      <Longitude>119.49</Longitude>
      <Latitude>28.45</Latitude>
      <Params />
    </EBRDT>
    <EBRDT>
      <RptTime>2018-03-21 15:14:09</RptTime>
      <RptType>Sync</RptType>
      <RelatedEBRPS>
        <EBRID>010333112400000001</EBRID>
      </RelatedEBRPS>
      <EBRID>060133112410122304</EBRID>
      <EBRName>1404号</EBRName>
      <Longitude>119.49</Longitude>
      <Latitude>28.45</Latitude>
      <Params />
    </EBRDT>
    <EBRDT>
      <RptTime>2018-03-21 15:14:09</RptTime>
      <RptType>Sync</RptType>
      <RelatedEBRPS>
        <EBRID>010333112400000001</EBRID>
      </RelatedEBRPS>
      <EBRID>060133112420621106</EBRID>
      <EBRName>1405号</EBRName>
      <Longitude>119.49</Longitude>
      <Latitude>28.45</Latitude>
      <Params />
    </EBRDT>
    <EBRDT>
      <RptTime>2018-03-21 15:14:09</RptTime>
      <RptType>Sync</RptType>
      <RelatedEBRPS>
        <EBRID>010333112400000001</EBRID>
      </RelatedEBRPS>
      <EBRID>060133112410221904</EBRID>
      <EBRName>1406号</EBRName>
      <Longitude>119.49</Longitude>
      <Latitude>28.45</Latitude>
      <Params />
    </EBRDT>
    <EBRDT>
      <RptTime>2018-03-21 15:14:09</RptTime>
      <RptType>Sync</RptType>
      <RelatedEBRPS>
        <EBRID>010333112400000001</EBRID>
      </RelatedEBRPS>
      <EBRID>060133112420020004</EBRID>
      <EBRName>1779号</EBRName>
      <Longitude>119.49</Longitude>
      <Latitude>28.45</Latitude>
      <Params />
    </EBRDT>
    <EBRDT>
      <RptTime>2018-03-21 15:14:09</RptTime>
      <RptType>Sync</RptType>
      <RelatedEBRPS>
        <EBRID>010333112400000001</EBRID>
      </RelatedEBRPS>
      <EBRID>060133112420621107</EBRID>
      <EBRName>1409号</EBRName>
      <Longitude>119.49</Longitude>
      <Latitude>28.45</Latitude>
      <Params />
    </EBRDT>
    <EBRDT>
      <RptTime>2018-03-21 15:14:09</RptTime>
      <RptType>Sync</RptType>
      <RelatedEBRPS>
        <EBRID>010333112400000001</EBRID>
      </RelatedEBRPS>
      <EBRID>060133112420721505</EBRID>
      <EBRName>1410号</EBRName>
      <Longitude>119.49</Longitude>
      <Latitude>28.45</Latitude>
      <Params />
    </EBRDT>
    <EBRDT>
      <RptTime>2018-03-21 15:14:09</RptTime>
      <RptType>Sync</RptType>
      <RelatedEBRPS>
        <EBRID>010333112400000001</EBRID>
      </RelatedEBRPS>
      <EBRID>060133112410121603</EBRID>
      <EBRName>1411号</EBRName>
      <Longitude>119.49</Longitude>
      <Latitude>28.45</Latitude>
      <Params />
    </EBRDT>
    <EBRDT>
      <RptTime>2018-03-21 15:14:09</RptTime>
      <RptType>Sync</RptType>
      <RelatedEBRPS>
        <EBRID>010333112400000001</EBRID>
      </RelatedEBRPS>
      <EBRID>060133112420621108</EBRID>
      <EBRName>1412号</EBRName>
      <Longitude>119.49</Longitude>
      <Latitude>28.45</Latitude>
      <Params />
    </EBRDT>
    <EBRDT>
      <RptTime>2018-03-21 15:14:09</RptTime>
      <RptType>Sync</RptType>
      <RelatedEBRPS>
        <EBRID>010333112400000001</EBRID>
      </RelatedEBRPS>
      <EBRID>060133112420721506</EBRID>
      <EBRName>1413号</EBRName>
      <Longitude>119.49</Longitude>
      <Latitude>28.45</Latitude>
      <Params />
    </EBRDT>
    <EBRDT>
      <RptTime>2018-03-21 15:14:09</RptTime>
      <RptType>Sync</RptType>
      <RelatedEBRPS>
        <EBRID>010333112400000001</EBRID>
      </RelatedEBRPS>
      <EBRID>060133112410121604</EBRID>
      <EBRName>1414号</EBRName>
      <Longitude>119.49</Longitude>
      <Latitude>28.45</Latitude>
      <Params />
    </EBRDT>
    <EBRDT>
      <RptTime>2018-03-21 15:14:09</RptTime>
      <RptType>Sync</RptType>
      <RelatedEBRPS>
        <EBRID>010333112400000001</EBRID>
      </RelatedEBRPS>
      <EBRID>060133112420721507</EBRID>
      <EBRName>1415号</EBRName>
      <Longitude>119.49</Longitude>
      <Latitude>28.45</Latitude>
      <Params />
    </EBRDT>
    <EBRDT>
      <RptTime>2018-03-21 15:14:09</RptTime>
      <RptType>Sync</RptType>
      <RelatedEBRPS>
        <EBRID>010333112400000001</EBRID>
      </RelatedEBRPS>
      <EBRID>060133112410121605</EBRID>
      <EBRName>1416号</EBRName>
      <Longitude>119.49</Longitude>
      <Latitude>28.45</Latitude>
      <Params />
    </EBRDT>
    <EBRDT>
      <RptTime>2018-03-21 15:14:09</RptTime>
      <RptType>Sync</RptType>
      <RelatedEBRPS>
        <EBRID>010333112400000001</EBRID>
      </RelatedEBRPS>
      <EBRID>060133112420621109</EBRID>
      <EBRName>1417号</EBRName>
      <Longitude>119.49</Longitude>
      <Latitude>28.45</Latitude>
      <Params />
    </EBRDT>
    <EBRDT>
      <RptTime>2018-03-21 15:14:09</RptTime>
      <RptType>Sync</RptType>
      <RelatedEBRPS>
        <EBRID>010333112400000001</EBRID>
      </RelatedEBRPS>
      <EBRID>060133112420920202</EBRID>
      <EBRName>1418号</EBRName>
      <Longitude>119.49</Longitude>
      <Latitude>28.45</Latitude>
      <Params />
    </EBRDT>
    <EBRDT>
      <RptTime>2018-03-21 15:14:09</RptTime>
      <RptType>Sync</RptType>
      <RelatedEBRPS>
        <EBRID>010333112400000001</EBRID>
      </RelatedEBRPS>
      <EBRID>060133112410121606</EBRID>
      <EBRName>1419号</EBRName>
      <Longitude>119.49</Longitude>
      <Latitude>28.45</Latitude>
      <Params />
    </EBRDT>
    <EBRDT>
      <RptTime>2018-03-21 15:14:09</RptTime>
      <RptType>Sync</RptType>
      <RelatedEBRPS>
        <EBRID>010333112400000001</EBRID>
      </RelatedEBRPS>
      <EBRID>060133112420621110</EBRID>
      <EBRName>1420号</EBRName>
      <Longitude>119.49</Longitude>
      <Latitude>28.45</Latitude>
      <Params />
    </EBRDT>
    <EBRDT>
      <RptTime>2018-03-21 15:14:09</RptTime>
      <RptType>Sync</RptType>
      <RelatedEBRPS>
        <EBRID>010333112400000001</EBRID>
      </RelatedEBRPS>
      <EBRID>060133112420920203</EBRID>
      <EBRName>1421号</EBRName>
      <Longitude>119.49</Longitude>
      <Latitude>28.45</Latitude>
      <Params />
    </EBRDT>
    <EBRDT>
      <RptTime>2018-03-21 15:14:09</RptTime>
      <RptType>Sync</RptType>
      <RelatedEBRPS>
        <EBRID>010333112400000001</EBRID>
      </RelatedEBRPS>
      <EBRID>060133112410121607</EBRID>
      <EBRName>1422号</EBRName>
      <Longitude>119.49</Longitude>
      <Latitude>28.45</Latitude>
      <Params />
    </EBRDT>
    <EBRDT>
      <RptTime>2018-03-21 15:14:09</RptTime>
      <RptType>Sync</RptType>
      <RelatedEBRPS>
        <EBRID>010333112400000001</EBRID>
      </RelatedEBRPS>
      <EBRID>060133112420221006</EBRID>
      <EBRName>1802号</EBRName>
      <Longitude>119.49</Longitude>
      <Latitude>28.45</Latitude>
      <Params />
    </EBRDT>
    <EBRDT>
      <RptTime>2018-03-21 15:14:09</RptTime>
      <RptType>Sync</RptType>
      <RelatedEBRPS>
        <EBRID>010333112400000001</EBRID>
      </RelatedEBRPS>
      <EBRID>060133112420621111</EBRID>
      <EBRName>1424号</EBRName>
      <Longitude>119.49</Longitude>
      <Latitude>28.45</Latitude>
      <Params />
    </EBRDT>
    <EBRDT>
      <RptTime>2018-03-21 15:14:09</RptTime>
      <RptType>Sync</RptType>
      <RelatedEBRPS>
        <EBRID>010333112400000001</EBRID>
      </RelatedEBRPS>
      <EBRID>060133112410220108</EBRID>
      <EBRName>1848号</EBRName>
      <Longitude>119.49</Longitude>
      <Latitude>28.45</Latitude>
      <Params />
    </EBRDT>
    <EBRDT>
      <RptTime>2018-03-21 15:14:09</RptTime>
      <RptType>Sync</RptType>
      <RelatedEBRPS>
        <EBRID>010333112400000001</EBRID>
      </RelatedEBRPS>
      <EBRID>060133112420221005</EBRID>
      <EBRName>1426号</EBRName>
      <Longitude>119.49</Longitude>
      <Latitude>28.45</Latitude>
      <Params />
    </EBRDT>
    <EBRDT>
      <RptTime>2018-03-21 15:14:09</RptTime>
      <RptType>Sync</RptType>
      <RelatedEBRPS>
        <EBRID>010333112400000001</EBRID>
      </RelatedEBRPS>
      <EBRID>060133112420621112</EBRID>
      <EBRName>1427号</EBRName>
      <Longitude>119.49</Longitude>
      <Latitude>28.45</Latitude>
      <Params />
    </EBRDT>
    <EBRDT>
      <RptTime>2018-03-21 15:14:09</RptTime>
      <RptType>Sync</RptType>
      <RelatedEBRPS>
        <EBRID>010333112400000001</EBRID>
      </RelatedEBRPS>
      <EBRID>060133112410021302</EBRID>
      <EBRName>1428号</EBRName>
      <Longitude>119.49</Longitude>
      <Latitude>28.45</Latitude>
      <Params />
    </EBRDT>
    <EBRDT>
      <RptTime>2018-03-21 15:14:09</RptTime>
      <RptType>Sync</RptType>
      <RelatedEBRPS>
        <EBRID>010333112400000001</EBRID>
      </RelatedEBRPS>
      <EBRID>060133112420920205</EBRID>
      <EBRName>1429号</EBRName>
      <Longitude>119.49</Longitude>
      <Latitude>28.45</Latitude>
      <Params />
    </EBRDT>
    <EBRDT>
      <RptTime>2018-03-21 15:14:09</RptTime>
      <RptType>Sync</RptType>
      <RelatedEBRPS>
        <EBRID>010333112400000001</EBRID>
      </RelatedEBRPS>
      <EBRID>060133112410121608</EBRID>
      <EBRName>1430号</EBRName>
      <Longitude>119.49</Longitude>
      <Latitude>28.45</Latitude>
      <Params />
    </EBRDT>
    <EBRDT>
      <RptTime>2018-03-21 15:14:09</RptTime>
      <RptType>Sync</RptType>
      <RelatedEBRPS>
        <EBRID>010333112400000001</EBRID>
      </RelatedEBRPS>
      <EBRID>060133112410323002</EBRID>
      <EBRName>1431号</EBRName>
      <Longitude>119.49</Longitude>
      <Latitude>28.45</Latitude>
      <Params />
    </EBRDT>
    <EBRDT>
      <RptTime>2018-03-21 15:14:09</RptTime>
      <RptType>Sync</RptType>
      <RelatedEBRPS>
        <EBRID>010333112400000001</EBRID>
      </RelatedEBRPS>
      <EBRID>060133112420620507</EBRID>
      <EBRName>1432号</EBRName>
      <Longitude>119.49</Longitude>
      <Latitude>28.45</Latitude>
      <Params />
    </EBRDT>
    <EBRDT>
      <RptTime>2018-03-21 15:14:09</RptTime>
      <RptType>Sync</RptType>
      <RelatedEBRPS>
        <EBRID>010333112400000001</EBRID>
      </RelatedEBRPS>
      <EBRID>060133112421320402</EBRID>
      <EBRName>1440号</EBRName>
      <Longitude>119.49</Longitude>
      <Latitude>28.45</Latitude>
      <Params />
    </EBRDT>
    <EBRDT>
      <RptTime>2018-03-21 15:14:09</RptTime>
      <RptType>Sync</RptType>
      <RelatedEBRPS>
        <EBRID>010333112400000001</EBRID>
      </RelatedEBRPS>
      <EBRID>060133112410121609</EBRID>
      <EBRName>1434号</EBRName>
      <Longitude>119.49</Longitude>
      <Latitude>28.45</Latitude>
      <Params />
    </EBRDT>
    <EBRDT>
      <RptTime>2018-03-21 15:14:09</RptTime>
      <RptType>Sync</RptType>
      <RelatedEBRPS>
        <EBRID>010333112400000001</EBRID>
      </RelatedEBRPS>
      <EBRID>060133112420920207</EBRID>
      <EBRName>1435号</EBRName>
      <Longitude>119.49</Longitude>
      <Latitude>28.45</Latitude>
      <Params />
    </EBRDT>
    <EBRDT>
      <RptTime>2018-03-21 15:14:09</RptTime>
      <RptType>Sync</RptType>
      <RelatedEBRPS>
        <EBRID>010333112400000001</EBRID>
      </RelatedEBRPS>
      <EBRID>060133112420920208</EBRID>
      <EBRName>1436号</EBRName>
      <Longitude>119.49</Longitude>
      <Latitude>28.45</Latitude>
      <Params />
    </EBRDT>
    <EBRDT>
      <RptTime>2018-03-21 15:14:09</RptTime>
      <RptType>Sync</RptType>
      <RelatedEBRPS>
        <EBRID>010333112400000001</EBRID>
      </RelatedEBRPS>
      <EBRID>060133112420720703</EBRID>
      <EBRName>1443号</EBRName>
      <Longitude>119.49</Longitude>
      <Latitude>28.45</Latitude>
      <Params />
    </EBRDT>
    <EBRDT>
      <RptTime>2018-03-21 15:14:09</RptTime>
      <RptType>Sync</RptType>
      <RelatedEBRPS>
        <EBRID>010333112400000001</EBRID>
      </RelatedEBRPS>
      <EBRID>060133112420721902</EBRID>
      <EBRName>1444号</EBRName>
      <Longitude>119.49</Longitude>
      <Latitude>28.45</Latitude>
      <Params />
    </EBRDT>
    <EBRDT>
      <RptTime>2018-03-21 15:14:09</RptTime>
      <RptType>Sync</RptType>
      <RelatedEBRPS>
        <EBRID>010333112400000001</EBRID>
      </RelatedEBRPS>
      <EBRID>060133112410222607</EBRID>
      <EBRName>1629号</EBRName>
      <Longitude>119.49</Longitude>
      <Latitude>28.45</Latitude>
      <Params />
    </EBRDT>
    <EBRDT>
      <RptTime>2018-03-21 15:14:09</RptTime>
      <RptType>Sync</RptType>
      <RelatedEBRPS>
        <EBRID>010333112400000001</EBRID>
      </RelatedEBRPS>
      <EBRID>060133112410021503</EBRID>
      <EBRName>1446号</EBRName>
      <Longitude>119.49</Longitude>
      <Latitude>28.45</Latitude>
      <Params />
    </EBRDT>
    <EBRDT>
      <RptTime>2018-03-21 15:14:09</RptTime>
      <RptType>Sync</RptType>
      <RelatedEBRPS>
        <EBRID>010333112400000001</EBRID>
      </RelatedEBRPS>
      <EBRID>060133112420121202</EBRID>
      <EBRName>1447号</EBRName>
      <Longitude>119.49</Longitude>
      <Latitude>28.45</Latitude>
      <Params />
    </EBRDT>
    <EBRDT>
      <RptTime>2018-03-21 15:14:09</RptTime>
      <RptType>Sync</RptType>
      <RelatedEBRPS>
        <EBRID>010333112400000001</EBRID>
      </RelatedEBRPS>
      <EBRID>060133112420121203</EBRID>
      <EBRName>1448号</EBRName>
      <Longitude>119.49</Longitude>
      <Latitude>28.45</Latitude>
      <Params />
    </EBRDT>
    <EBRDT>
      <RptTime>2018-03-21 15:14:09</RptTime>
      <RptType>Sync</RptType>
      <RelatedEBRPS>
        <EBRID>010333112400000001</EBRID>
      </RelatedEBRPS>
      <EBRID>060133112420021005</EBRID>
      <EBRName>1820号</EBRName>
      <Longitude>119.49</Longitude>
      <Latitude>28.45</Latitude>
      <Params />
    </EBRDT>
  </EBRDTInfo>
  <Params>
    <RPTStartTime>2018-03-21 15:14:09</RPTStartTime>
    <RPTEndTime>2018-03-21 15:14:09</RPTEndTime>
    <RptType>
    </RptType>
  </Params>
</EBD>
