<?xml version="1.0" encoding="utf-8"?>
<EBD xmlns:xs="http://www.w3.org/2001/XMLSchema">
  <EBDVersion>1.0</EBDVersion>
  <EBDID>100103331124000000010000000000000964</EBDID>
  <EBDType>EBRDTState</EBDType>
  <SRC>
    <EBRID>010333112400000001</EBRID>
  </SRC>
  <EBDTime>2018-03-21 15:15:09</EBDTime>
  <EBRDTState>
    <EBRDT>
      <RptTime>2018-03-21 15:15:09</RptTime>
      <EBRID>060133112420120101</EBRID>
      <StateCode>1</StateCode>
      <StateDesc>正常</StateDesc>
    </EBRDT>
    <EBRDT>
      <RptTime>2018-03-21 15:15:09</RptTime>
      <EBRID>060133112420620501</EBRID>
      <StateCode>1</StateCode>
      <StateDesc>正常</StateDesc>
    </EBRDT>
    <EBRDT>
      <RptTime>2018-03-21 15:15:09</RptTime>
      <EBRID>060133112410021706</EBRID>
      <StateCode>1</StateCode>
      <StateDesc>正常</StateDesc>
    </EBRDT>
    <EBRDT>
      <RptTime>2018-03-21 15:15:09</RptTime>
      <EBRID>060133112410000413</EBRID>
      <StateCode>1</StateCode>
      <StateDesc>正常</StateDesc>
    </EBRDT>
    <EBRDT>
      <RptTime>2018-03-21 15:15:09</RptTime>
      <EBRID>060133112420620509</EBRID>
      <StateCode>1</StateCode>
      <StateDesc>正常</StateDesc>
    </EBRDT>
    <EBRDT>
      <RptTime>2018-03-21 15:15:09</RptTime>
      <EBRID>060133112410222001</EBRID>
      <StateCode>1</StateCode>
      <StateDesc>正常</StateDesc>
    </EBRDT>
    <EBRDT>
      <RptTime>2018-03-21 15:15:09</RptTime>
      <EBRID>060133112410222002</EBRID>
      <StateCode>1</StateCode>
      <StateDesc>正常</StateDesc>
    </EBRDT>
    <EBRDT>
      <RptTime>2018-03-21 15:15:09</RptTime>
      <EBRID>060133112421320904</EBRID>
      <StateCode>1</StateCode>
      <StateDesc>正常</StateDesc>
    </EBRDT>
    <EBRDT>
      <RptTime>2018-03-21 15:15:09</RptTime>
      <EBRID>060133112410220505</EBRID>
      <StateCode>1</StateCode>
      <StateDesc>正常</StateDesc>
    </EBRDT>
    <EBRDT>
      <RptTime>2018-03-21 15:15:09</RptTime>
      <EBRID>060133112421120101</EBRID>
      <StateCode>1</StateCode>
      <StateDesc>正常</StateDesc>
    </EBRDT>
    <EBRDT>
      <RptTime>2018-03-21 15:15:09</RptTime>
      <EBRID>060133112420520601</EBRID>
      <StateCode>1</StateCode>
      <StateDesc>正常</StateDesc>
    </EBRDT>
    <EBRDT>
      <RptTime>2018-03-21 15:15:09</RptTime>
      <EBRID>060133112410323301</EBRID>
      <StateCode>1</StateCode>
      <StateDesc>正常</StateDesc>
    </EBRDT>
    <EBRDT>
      <RptTime>2018-03-21 15:15:09</RptTime>
      <EBRID>060133112410323101</EBRID>
      <StateCode>1</StateCode>
      <StateDesc>正常</StateDesc>
    </EBRDT>
    <EBRDT>
      <RptTime>2018-03-21 15:15:09</RptTime>
      <EBRID>060133112421020701</EBRID>
      <StateCode>1</StateCode>
      <StateDesc>正常</StateDesc>
    </EBRDT>
    <EBRDT>
      <RptTime>2018-03-21 15:15:09</RptTime>
      <EBRID>060133112421120707</EBRID>
      <StateCode>1</StateCode>
      <StateDesc>正常</StateDesc>
    </EBRDT>
    <EBRDT>
      <RptTime>2018-03-21 15:15:09</RptTime>
      <EBRID>060133112410223103</EBRID>
      <StateCode>1</StateCode>
      <StateDesc>正常</StateDesc>
    </EBRDT>
    <EBRDT>
      <RptTime>2018-03-21 15:15:09</RptTime>
      <EBRID>060133112421220703</EBRID>
      <StateCode>1</StateCode>
      <StateDesc>正常</StateDesc>
    </EBRDT>
    <EBRDT>
      <RptTime>2018-03-21 15:15:09</RptTime>
      <EBRID>060133112410524301</EBRID>
      <StateCode>1</StateCode>
      <StateDesc>正常</StateDesc>
    </EBRDT>
    <EBRDT>
      <RptTime>2018-03-21 15:15:09</RptTime>
      <EBRID>060133112420320001</EBRID>
      <StateCode>1</StateCode>
      <StateDesc>正常</StateDesc>
    </EBRDT>
    <EBRDT>
      <RptTime>2018-03-21 15:15:09</RptTime>
      <EBRID>060133112410025101</EBRID>
      <StateCode>1</StateCode>
      <StateDesc>正常</StateDesc>
    </EBRDT>
    <EBRDT>
      <RptTime>2018-03-21 15:15:09</RptTime>
      <EBRID>060133112410024601</EBRID>
      <StateCode>1</StateCode>
      <StateDesc>正常</StateDesc>
    </EBRDT>
    <EBRDT>
      <RptTime>2018-03-21 15:15:09</RptTime>
      <EBRID>060133112410024801</EBRID>
      <StateCode>1</StateCode>
      <StateDesc>正常</StateDesc>
    </EBRDT>
    <EBRDT>
      <RptTime>2018-03-21 15:15:09</RptTime>
      <EBRID>060133112410122901</EBRID>
      <StateCode>1</StateCode>
      <StateDesc>正常</StateDesc>
    </EBRDT>
    <EBRDT>
      <RptTime>2018-03-21 15:15:09</RptTime>
      <EBRID>060133112420021501</EBRID>
      <StateCode>1</StateCode>
      <StateDesc>正常</StateDesc>
    </EBRDT>
    <EBRDT>
      <RptTime>2018-03-21 15:15:09</RptTime>
      <EBRID>060133112410022101</EBRID>
      <StateCode>1</StateCode>
      <StateDesc>正常</StateDesc>
    </EBRDT>
    <EBRDT>
      <RptTime>2018-03-21 15:15:09</RptTime>
      <EBRID>060133112410320501</EBRID>
      <StateCode>1</StateCode>
      <StateDesc>正常</StateDesc>
    </EBRDT>
    <EBRDT>
      <RptTime>2018-03-21 15:15:09</RptTime>
      <EBRID>060133112420621101</EBRID>
      <StateCode>1</StateCode>
      <StateDesc>正常</StateDesc>
    </EBRDT>
    <EBRDT>
      <RptTime>2018-03-21 15:15:09</RptTime>
      <EBRID>060133112410023901</EBRID>
      <StateCode>1</StateCode>
      <StateDesc>正常</StateDesc>
    </EBRDT>
    <EBRDT>
      <RptTime>2018-03-21 15:15:09</RptTime>
      <EBRID>060133112410023701</EBRID>
      <StateCode>1</StateCode>
      <StateDesc>正常</StateDesc>
    </EBRDT>
    <EBRDT>
      <RptTime>2018-03-21 15:15:09</RptTime>
      <EBRID>060133112420021401</EBRID>
      <StateCode>1</StateCode>
      <StateDesc>正常</StateDesc>
    </EBRDT>
    <EBRDT>
      <RptTime>2018-03-21 15:15:09</RptTime>
      <EBRID>060133112410024001</EBRID>
      <StateCode>1</StateCode>
      <StateDesc>正常</StateDesc>
    </EBRDT>
    <EBRDT>
      <RptTime>2018-03-21 15:15:09</RptTime>
      <EBRID>060133112410022901</EBRID>
      <StateCode>1</StateCode>
      <StateDesc>正常</StateDesc>
    </EBRDT>
    <EBRDT>
      <RptTime>2018-03-21 15:15:09</RptTime>
      <EBRID>060133112410023601</EBRID>
      <StateCode>1</StateCode>
      <StateDesc>正常</StateDesc>
    </EBRDT>
    <EBRDT>
      <RptTime>2018-03-21 15:15:09</RptTime>
      <EBRID>060133112420120201</EBRID>
      <StateCode>1</StateCode>
      <StateDesc>正常</StateDesc>
    </EBRDT>
    <EBRDT>
      <RptTime>2018-03-21 15:15:09</RptTime>
      <EBRID>060133112410022201</EBRID>
      <StateCode>1</StateCode>
      <StateDesc>正常</StateDesc>
    </EBRDT>
    <EBRDT>
      <RptTime>2018-03-21 15:15:09</RptTime>
      <EBRID>060133112421420703</EBRID>
      <StateCode>1</StateCode>
      <StateDesc>正常</StateDesc>
    </EBRDT>
    <EBRDT>
      <RptTime>2018-03-21 15:15:09</RptTime>
      <EBRID>060133112410023801</EBRID>
      <StateCode>1</StateCode>
      <StateDesc>正常</StateDesc>
    </EBRDT>
    <EBRDT>
      <RptTime>2018-03-21 15:15:09</RptTime>
      <EBRID>060133112420621501</EBRID>
      <StateCode>1</StateCode>
      <StateDesc>正常</StateDesc>
    </EBRDT>
    <EBRDT>
      <RptTime>2018-03-21 15:15:09</RptTime>
      <EBRID>060133112410121406</EBRID>
      <StateCode>1</StateCode>
      <StateDesc>正常</StateDesc>
    </EBRDT>
    <EBRDT>
      <RptTime>2018-03-21 15:15:09</RptTime>
      <EBRID>060133112410321901</EBRID>
      <StateCode>1</StateCode>
      <StateDesc>正常</StateDesc>
    </EBRDT>
    <EBRDT>
      <RptTime>2018-03-21 15:15:09</RptTime>
      <EBRID>060133112421320501</EBRID>
      <StateCode>1</StateCode>
      <StateDesc>正常</StateDesc>
    </EBRDT>
    <EBRDT>
      <RptTime>2018-03-21 15:15:09</RptTime>
      <EBRID>060133112410322901</EBRID>
      <StateCode>1</StateCode>
      <StateDesc>正常</StateDesc>
    </EBRDT>
    <EBRDT>
      <RptTime>2018-03-21 15:15:09</RptTime>
      <EBRID>060133112420621503</EBRID>
      <StateCode>1</StateCode>
      <StateDesc>正常</StateDesc>
    </EBRDT>
    <EBRDT>
      <RptTime>2018-03-21 15:15:09</RptTime>
      <EBRID>060133112420520702</EBRID>
      <StateCode>1</StateCode>
      <StateDesc>正常</StateDesc>
    </EBRDT>
    <EBRDT>
      <RptTime>2018-03-21 15:15:09</RptTime>
      <EBRID>060133112410221001</EBRID>
      <StateCode>1</StateCode>
      <StateDesc>正常</StateDesc>
    </EBRDT>
    <EBRDT>
      <RptTime>2018-03-21 15:15:09</RptTime>
      <EBRID>060133112420320303</EBRID>
      <StateCode>1</StateCode>
      <StateDesc>正常</StateDesc>
    </EBRDT>
    <EBRDT>
      <RptTime>2018-03-21 15:15:09</RptTime>
      <EBRID>060133112420520202</EBRID>
      <StateCode>1</StateCode>
      <StateDesc>正常</StateDesc>
    </EBRDT>
    <EBRDT>
      <RptTime>2018-03-21 15:15:09</RptTime>
      <EBRID>060133112420520501</EBRID>
      <StateCode>1</StateCode>
      <StateDesc>正常</StateDesc>
    </EBRDT>
    <EBRDT>
      <RptTime>2018-03-21 15:15:09</RptTime>
      <EBRID>060133112421120204</EBRID>
      <StateCode>1</StateCode>
      <StateDesc>正常</StateDesc>
    </EBRDT>
    <EBRDT>
      <RptTime>2018-03-21 15:15:09</RptTime>
      <EBRID>060133112421120801</EBRID>
      <StateCode>1</StateCode>
      <StateDesc>正常</StateDesc>
    </EBRDT>
    <EBRDT>
      <RptTime>2018-03-21 15:15:09</RptTime>
      <EBRID>060133112410321603</EBRID>
      <StateCode>1</StateCode>
      <StateDesc>正常</StateDesc>
    </EBRDT>
    <EBRDT>
      <RptTime>2018-03-21 15:15:09</RptTime>
      <EBRID>060133112421220702</EBRID>
      <StateCode>1</StateCode>
      <StateDesc>正常</StateDesc>
    </EBRDT>
    <EBRDT>
      <RptTime>2018-03-21 15:15:09</RptTime>
      <EBRID>060133112421220001</EBRID>
      <StateCode>1</StateCode>
      <StateDesc>正常</StateDesc>
    </EBRDT>
    <EBRDT>
      <RptTime>2018-03-21 15:15:09</RptTime>
      <EBRID>060133112421120702</EBRID>
      <StateCode>1</StateCode>
      <StateDesc>正常</StateDesc>
    </EBRDT>
    <EBRDT>
      <RptTime>2018-03-21 15:15:09</RptTime>
      <EBRID>060133112421120703</EBRID>
      <StateCode>1</StateCode>
      <StateDesc>正常</StateDesc>
    </EBRDT>
    <EBRDT>
      <RptTime>2018-03-21 15:15:09</RptTime>
      <EBRID>060133112410021601</EBRID>
      <StateCode>1</StateCode>
      <StateDesc>正常</StateDesc>
    </EBRDT>
    <EBRDT>
      <RptTime>2018-03-21 15:15:09</RptTime>
      <EBRID>060133112410024401</EBRID>
      <StateCode>1</StateCode>
      <StateDesc>正常</StateDesc>
    </EBRDT>
    <EBRDT>
      <RptTime>2018-03-21 15:15:09</RptTime>
      <EBRID>060133112410222603</EBRID>
      <StateCode>1</StateCode>
      <StateDesc>正常</StateDesc>
    </EBRDT>
    <EBRDT>
      <RptTime>2018-03-21 15:15:09</RptTime>
      <EBRID>060133112410320601</EBRID>
      <StateCode>1</StateCode>
      <StateDesc>正常</StateDesc>
    </EBRDT>
    <EBRDT>
      <RptTime>2018-03-21 15:15:09</RptTime>
      <EBRID>060133112420620801</EBRID>
      <StateCode>1</StateCode>
      <StateDesc>正常</StateDesc>
    </EBRDT>
    <EBRDT>
      <RptTime>2018-03-21 15:15:09</RptTime>
      <EBRID>060133112420620901</EBRID>
      <StateCode>1</StateCode>
      <StateDesc>正常</StateDesc>
    </EBRDT>
    <EBRDT>
      <RptTime>2018-03-21 15:15:09</RptTime>
      <EBRID>060133112420621301</EBRID>
      <StateCode>1</StateCode>
      <StateDesc>正常</StateDesc>
    </EBRDT>
    <EBRDT>
      <RptTime>2018-03-21 15:15:09</RptTime>
      <EBRID>060133112420621001</EBRID>
      <StateCode>1</StateCode>
      <StateDesc>正常</StateDesc>
    </EBRDT>
    <EBRDT>
      <RptTime>2018-03-21 15:15:09</RptTime>
      <EBRID>060133112410320901</EBRID>
      <StateCode>1</StateCode>
      <StateDesc>正常</StateDesc>
    </EBRDT>
    <EBRDT>
      <RptTime>2018-03-21 15:15:09</RptTime>
      <EBRID>060133112420821301</EBRID>
      <StateCode>1</StateCode>
      <StateDesc>正常</StateDesc>
    </EBRDT>
    <EBRDT>
      <RptTime>2018-03-21 15:15:09</RptTime>
      <EBRID>060133112421020306</EBRID>
      <StateCode>1</StateCode>
      <StateDesc>正常</StateDesc>
    </EBRDT>
    <EBRDT>
      <RptTime>2018-03-21 15:15:09</RptTime>
      <EBRID>060133112421420708</EBRID>
      <StateCode>1</StateCode>
      <StateDesc>正常</StateDesc>
    </EBRDT>
    <EBRDT>
      <RptTime>2018-03-21 15:15:09</RptTime>
      <EBRID>060133112420130102</EBRID>
      <StateCode>1</StateCode>
      <StateDesc>正常</StateDesc>
    </EBRDT>
    <EBRDT>
      <RptTime>2018-03-21 15:15:09</RptTime>
      <EBRID>060133112410220807</EBRID>
      <StateCode>1</StateCode>
      <StateDesc>正常</StateDesc>
    </EBRDT>
    <EBRDT>
      <RptTime>2018-03-21 15:15:09</RptTime>
      <EBRID>060133112420120501</EBRID>
      <StateCode>1</StateCode>
      <StateDesc>正常</StateDesc>
    </EBRDT>
    <EBRDT>
      <RptTime>2018-03-21 15:15:09</RptTime>
      <EBRID>060133112410000601</EBRID>
      <StateCode>1</StateCode>
      <StateDesc>正常</StateDesc>
    </EBRDT>
    <EBRDT>
      <RptTime>2018-03-21 15:15:09</RptTime>
      <EBRID>060133112410021101</EBRID>
      <StateCode>1</StateCode>
      <StateDesc>正常</StateDesc>
    </EBRDT>
    <EBRDT>
      <RptTime>2018-03-21 15:15:09</RptTime>
      <EBRID>060133112421420702</EBRID>
      <StateCode>1</StateCode>
      <StateDesc>正常</StateDesc>
    </EBRDT>
    <EBRDT>
      <RptTime>2018-03-21 15:15:09</RptTime>
      <EBRID>060133112420520101</EBRID>
      <StateCode>1</StateCode>
      <StateDesc>正常</StateDesc>
    </EBRDT>
    <EBRDT>
      <RptTime>2018-03-21 15:15:09</RptTime>
      <EBRID>060133112420121501</EBRID>
      <StateCode>1</StateCode>
      <StateDesc>正常</StateDesc>
    </EBRDT>
    <EBRDT>
      <RptTime>2018-03-21 15:15:09</RptTime>
      <EBRID>060133112421020001</EBRID>
      <StateCode>1</StateCode>
      <StateDesc>正常</StateDesc>
    </EBRDT>
    <EBRDT>
      <RptTime>2018-03-21 15:15:09</RptTime>
      <EBRID>060133112420421001</EBRID>
      <StateCode>1</StateCode>
      <StateDesc>正常</StateDesc>
    </EBRDT>
    <EBRDT>
      <RptTime>2018-03-21 15:15:09</RptTime>
      <EBRID>060133112421420001</EBRID>
      <StateCode>1</StateCode>
      <StateDesc>正常</StateDesc>
    </EBRDT>
    <EBRDT>
      <RptTime>2018-03-21 15:15:09</RptTime>
      <EBRID>060133112421420002</EBRID>
      <StateCode>1</StateCode>
      <StateDesc>正常</StateDesc>
    </EBRDT>
    <EBRDT>
      <RptTime>2018-03-21 15:15:09</RptTime>
      <EBRID>060133112421321101</EBRID>
      <StateCode>1</StateCode>
      <StateDesc>正常</StateDesc>
    </EBRDT>
    <EBRDT>
      <RptTime>2018-03-21 15:15:09</RptTime>
      <EBRID>060133112421420401</EBRID>
      <StateCode>1</StateCode>
      <StateDesc>正常</StateDesc>
    </EBRDT>
    <EBRDT>
      <RptTime>2018-03-21 15:15:09</RptTime>
      <EBRID>060133112420420701</EBRID>
      <StateCode>1</StateCode>
      <StateDesc>正常</StateDesc>
    </EBRDT>
    <EBRDT>
      <RptTime>2018-03-21 15:15:09</RptTime>
      <EBRID>060133112421420301</EBRID>
      <StateCode>1</StateCode>
      <StateDesc>正常</StateDesc>
    </EBRDT>
    <EBRDT>
      <RptTime>2018-03-21 15:15:09</RptTime>
      <EBRID>060133112420420601</EBRID>
      <StateCode>1</StateCode>
      <StateDesc>正常</StateDesc>
    </EBRDT>
    <EBRDT>
      <RptTime>2018-03-21 15:15:09</RptTime>
      <EBRID>060133112420720001</EBRID>
      <StateCode>1</StateCode>
      <StateDesc>正常</StateDesc>
    </EBRDT>
    <EBRDT>
      <RptTime>2018-03-21 15:15:09</RptTime>
      <EBRID>060133112421320001</EBRID>
      <StateCode>1</StateCode>
      <StateDesc>正常</StateDesc>
    </EBRDT>
    <EBRDT>
      <RptTime>2018-03-21 15:15:09</RptTime>
      <EBRID>060133112410422701</EBRID>
      <StateCode>1</StateCode>
      <StateDesc>正常</StateDesc>
    </EBRDT>
    <EBRDT>
      <RptTime>2018-03-21 15:15:09</RptTime>
      <EBRID>060133112410023003</EBRID>
      <StateCode>1</StateCode>
      <StateDesc>正常</StateDesc>
    </EBRDT>
    <EBRDT>
      <RptTime>2018-03-21 15:15:09</RptTime>
      <EBRID>060133112410024303</EBRID>
      <StateCode>1</StateCode>
      <StateDesc>正常</StateDesc>
    </EBRDT>
    <EBRDT>
      <RptTime>2018-03-21 15:15:09</RptTime>
      <EBRID>060133112420020403</EBRID>
      <StateCode>1</StateCode>
      <StateDesc>正常</StateDesc>
    </EBRDT>
    <EBRDT>
      <RptTime>2018-03-21 15:15:09</RptTime>
      <EBRID>060133112420822001</EBRID>
      <StateCode>1</StateCode>
      <StateDesc>正常</StateDesc>
    </EBRDT>
    <EBRDT>
      <RptTime>2018-03-21 15:15:09</RptTime>
      <EBRID>060133112410422103</EBRID>
      <StateCode>1</StateCode>
      <StateDesc>正常</StateDesc>
    </EBRDT>
    <EBRDT>
      <RptTime>2018-03-21 15:15:09</RptTime>
      <EBRID>060133112421021101</EBRID>
      <StateCode>1</StateCode>
      <StateDesc>正常</StateDesc>
    </EBRDT>
    <EBRDT>
      <RptTime>2018-03-21 15:15:09</RptTime>
      <EBRID>060133112410220707</EBRID>
      <StateCode>1</StateCode>
      <StateDesc>正常</StateDesc>
    </EBRDT>
    <EBRDT>
      <RptTime>2018-03-21 15:15:09</RptTime>
      <EBRID>060133112421420403</EBRID>
      <StateCode>1</StateCode>
      <StateDesc>正常</StateDesc>
    </EBRDT>
    <EBRDT>
      <RptTime>2018-03-21 15:15:09</RptTime>
      <EBRID>060133112410422806</EBRID>
      <StateCode>1</StateCode>
      <StateDesc>正常</StateDesc>
    </EBRDT>
    <EBRDT>
      <RptTime>2018-03-21 15:15:09</RptTime>
      <EBRID>060133112410221501</EBRID>
      <StateCode>1</StateCode>
      <StateDesc>正常</StateDesc>
    </EBRDT>
    <EBRDT>
      <RptTime>2018-03-21 15:15:09</RptTime>
      <EBRID>060133112410221502</EBRID>
      <StateCode>1</StateCode>
      <StateDesc>正常</StateDesc>
    </EBRDT>
    <EBRDT>
      <RptTime>2018-03-21 15:15:09</RptTime>
      <EBRID>060133112410222201</EBRID>
      <StateCode>1</StateCode>
      <StateDesc>正常</StateDesc>
    </EBRDT>
  </EBRDTState>
</EBD>
