<?xml version="1.0" encoding="utf-8"?>
<Signature>
  <Version>1.0</Version>
  <RelatedEBD>
    <EBDID>100103331124000000010000000000000150</EBDID>
  </RelatedEBD>
  <SignatureCert>
    <CertType>1</CertType>
    <IssuerID>000000000075</IssuerID>
    <CertSN>000000003363</CertSN>
  </SignatureCert>
  <SignatureTime>5ab2064d</SignatureTime>
  <DigestAlgorithm>SM3</DigestAlgorithm>
  <SignatureAlgorithm>SM2</SignatureAlgorithm>
  <SignatureValue>WrIGTQAAAAAzY3meGPp70/OiPx8F4NyvvQD0uOeB+q549Tly5ReJuXGAS4K2gnl6kfwJ/ekfrFNWqmo/VcPRGuQrfy3VDp8ci3E=</SignatureValue>
</Signature>
