<?xml version="1.0" encoding="utf-8"?>
<Signature>
  <Version>1.0</Version>
  <RelatedEBD>
    <EBDID>100103331124000000010000000000000319</EBDID>
  </RelatedEBD>
  <SignatureCert>
    <CertType>1</CertType>
    <IssuerID>000000000075</IssuerID>
    <CertSN>000000003363</CertSN>
  </SignatureCert>
  <SignatureTime>5ab20636</SignatureTime>
  <DigestAlgorithm>SM3</DigestAlgorithm>
  <SignatureAlgorithm>SM2</SignatureAlgorithm>
  <SignatureValue>WrIGNgAAAAAzYxP7cAhmBuVRyMTf6HvOZAOEmsabtwQ94EfaB5CC+XoWC6rbsCeUg40pwWisuXVjNiGLIJvyjlONizfw2g5XyvM=</SignatureValue>
</Signature>
