<?xml version="1.0" encoding="utf-8"?>
<Signature>
  <Version>1.0</Version>
  <RelatedEBD>
    <EBDID>100103331124000000010000000000000296</EBDID>
  </RelatedEBD>
  <SignatureCert>
    <CertType>1</CertType>
    <IssuerID>000000000075</IssuerID>
    <CertSN>000000003363</CertSN>
  </SignatureCert>
  <SignatureTime>5ab2064b</SignatureTime>
  <DigestAlgorithm>SM3</DigestAlgorithm>
  <SignatureAlgorithm>SM2</SignatureAlgorithm>
  <SignatureValue>WrIGSwAAAAAzY6AYnikzOFUgVwS6ACDo+Ytlgkqqri4fhphvIIDmiwtxZM6utq9rhEIzILKgo5VD1b8J/d5ga1oKRvPVfFRqNpg=</SignatureValue>
</Signature>
