<?xml version="1.0" encoding="utf-8"?>
<Signature>
  <Version>1.0</Version>
  <RelatedEBD>
    <EBDID>100103331124000000010000000000000330</EBDID>
  </RelatedEBD>
  <SignatureCert>
    <CertType>1</CertType>
    <IssuerID>000000000075</IssuerID>
    <CertSN>000000003363</CertSN>
  </SignatureCert>
  <SignatureTime>5ab2065c</SignatureTime>
  <DigestAlgorithm>SM3</DigestAlgorithm>
  <SignatureAlgorithm>SM2</SignatureAlgorithm>
  <SignatureValue>WrIGXAAAAAAzY7c7dkWKT1QsW7K5hLFQtty/BlG9XT5piOGOFl7qR0YX232Mnk7WYfSlV0dvBSlvf2qZfbF2C711YDNjQpjcHh0=</SignatureValue>
</Signature>
