<?xml version="1.0" encoding="utf-8"?>
<Signature>
  <Version>1.0</Version>
  <RelatedEBD>
    <EBDID>100103331124000000010000000000000550</EBDID>
  </RelatedEBD>
  <SignatureCert>
    <CertType>1</CertType>
    <IssuerID>000000000075</IssuerID>
    <CertSN>000000003363</CertSN>
  </SignatureCert>
  <SignatureTime>5ab2066f</SignatureTime>
  <DigestAlgorithm>SM3</DigestAlgorithm>
  <SignatureAlgorithm>SM2</SignatureAlgorithm>
  <SignatureValue>WrIGbwAAAAAzY3V+B4t3yLm65ntFK1MLTS37GSMg2S6EifNkrPIUPmX1tpCxGsmaWOx3XmzgJZAz/MoFoAMyfDNgQfAdtIimiMs=</SignatureValue>
</Signature>
