<?xml version="1.0" encoding="utf-8"?>
<Signature>
  <Version>1.0</Version>
  <RelatedEBD>
    <EBDID>100103331124000000010000000000000544</EBDID>
  </RelatedEBD>
  <SignatureCert>
    <CertType>1</CertType>
    <IssuerID>000000000075</IssuerID>
    <CertSN>000000003363</CertSN>
  </SignatureCert>
  <SignatureTime>5ab20658</SignatureTime>
  <DigestAlgorithm>SM3</DigestAlgorithm>
  <SignatureAlgorithm>SM2</SignatureAlgorithm>
  <SignatureValue>WrIGWAAAAAAzYzDsesupvFvTl+oYoIFfGyGN7hjf9vzlZqAz0CgFjkBVjTDlHP+0wZcqISJlvikX4C9g5IqYW9WmI6qls004DaE=</SignatureValue>
</Signature>
