<?xml version="1.0" encoding="utf-8"?>
<Signature>
  <Version>1.0</Version>
  <RelatedEBD>
    <EBDID>100103331124000000010000000000000475</EBDID>
  </RelatedEBD>
  <SignatureCert>
    <CertType>1</CertType>
    <IssuerID>000000000075</IssuerID>
    <CertSN>000000003363</CertSN>
  </SignatureCert>
  <SignatureTime>5ab20633</SignatureTime>
  <DigestAlgorithm>SM3</DigestAlgorithm>
  <SignatureAlgorithm>SM2</SignatureAlgorithm>
  <SignatureValue>WrIGMwAAAAAzY4X0pKWjeKWxEpZZAnToKPabfGSP0UfC0SrsvHwxxiS/9vUPqNoJeVZ8pvqFeEfgbcpgojdDnTjq+O88Gkx9f5k=</SignatureValue>
</Signature>
