<?xml version="1.0" encoding="utf-8"?>
<Signature>
  <Version>1.0</Version>
  <RelatedEBD>
    <EBDID>100103331124000000010000000000000889</EBDID>
  </RelatedEBD>
  <SignatureCert>
    <CertType>1</CertType>
    <IssuerID>000000000075</IssuerID>
    <CertSN>000000003363</CertSN>
  </SignatureCert>
  <SignatureTime>5ab20641</SignatureTime>
  <DigestAlgorithm>SM3</DigestAlgorithm>
  <SignatureAlgorithm>SM2</SignatureAlgorithm>
  <SignatureValue>WrIGQQAAAAAzY+gnnGT41OcbdEV1WTqp9fEC4/Mx/TD5xQ7c8uXPsp3ThpyScq2gwaFV+W/4QujL1r9VRjhOotGWFzbshv7gouk=</SignatureValue>
</Signature>
