<?xml version="1.0" encoding="utf-8"?>
<Signature>
  <Version>1.0</Version>
  <RelatedEBD>
    <EBDID>100103331124000000010000000000000597</EBDID>
  </RelatedEBD>
  <SignatureCert>
    <CertType>1</CertType>
    <IssuerID>000000000075</IssuerID>
    <CertSN>000000003363</CertSN>
  </SignatureCert>
  <SignatureTime>5ab2066a</SignatureTime>
  <DigestAlgorithm>SM3</DigestAlgorithm>
  <SignatureAlgorithm>SM2</SignatureAlgorithm>
  <SignatureValue>WrIGagAAAAAzY8cLoaLcqHAs+zuSY0MJzQ+lZkiEEvFGbfdv+CnP3ImHMzOaj504aY9ubpOKyoFqHwWXl5gQvmvNfUbtYNSiAzA=</SignatureValue>
</Signature>
