<?xml version="1.0" encoding="utf-8"?>
<Signature>
  <Version>1.0</Version>
  <RelatedEBD>
    <EBDID>100103331124000000010000000000000177</EBDID>
  </RelatedEBD>
  <SignatureCert>
    <CertType>1</CertType>
    <IssuerID>000000000075</IssuerID>
    <CertSN>000000003363</CertSN>
  </SignatureCert>
  <SignatureTime>5ab20645</SignatureTime>
  <DigestAlgorithm>SM3</DigestAlgorithm>
  <SignatureAlgorithm>SM2</SignatureAlgorithm>
  <SignatureValue>WrIGRQAAAAAzY4vh4KU+xkFy3i3f6nEWEr14RAmjyCA7f0inrFArFuO3+qSoF7Ku6Fa3IGXUCE8kVMqtQTWsalGJc4QxKh6fQYE=</SignatureValue>
</Signature>
