<?xml version="1.0" encoding="utf-8"?>
<Signature>
  <Version>1.0</Version>
  <RelatedEBD>
    <EBDID>100103331124000000010000000000000754</EBDID>
  </RelatedEBD>
  <SignatureCert>
    <CertType>1</CertType>
    <IssuerID>000000000075</IssuerID>
    <CertSN>000000003363</CertSN>
  </SignatureCert>
  <SignatureTime>5ab20647</SignatureTime>
  <DigestAlgorithm>SM3</DigestAlgorithm>
  <SignatureAlgorithm>SM2</SignatureAlgorithm>
  <SignatureValue>WrIGRwAAAAAzY+l9ptgWudQeEYsEFnPT+Xtmwa6maFi/hdb84Q5R1TeR51/AI2YmbjgkmM5icdml+kqGScli+7vRTONC+zObgVA=</SignatureValue>
</Signature>
