<?xml version="1.0" encoding="utf-8"?>
<Signature>
  <Version>1.0</Version>
  <RelatedEBD>
    <EBDID>100103331124000000010000000000000245</EBDID>
  </RelatedEBD>
  <SignatureCert>
    <CertType>1</CertType>
    <IssuerID>000000000075</IssuerID>
    <CertSN>000000003363</CertSN>
  </SignatureCert>
  <SignatureTime>5ab20643</SignatureTime>
  <DigestAlgorithm>SM3</DigestAlgorithm>
  <SignatureAlgorithm>SM2</SignatureAlgorithm>
  <SignatureValue>WrIGQwAAAAAzY0NgNiPvGHUFd79qvbyiDncal3hnuNZdYwi9rSbVLySwO5ShKcV6KXdclC0/JVH4ZlAIGiST6Pr1G/rKlS8utgw=</SignatureValue>
</Signature>
